trial_id,tick,phase,neuron_id,neuron_name,connection_id,pre_id,pre_name,kind,received_value,weight_used,signed_contribution,weight_version
diag/0,2,free,1004,L2/ori0/k7/j11,16000,492,L4/ON/k7/j11,excitatory,1.0,0.07848454040788314,0.07848454040788314,3801
diag/0,2,free,1004,L2/ori0/k7/j11,16001,493,INH/ON/k7/j11,inhibitory,1.0,0.07329061229174857,-0.07329061229174857,3801
diag/0,2,free,1004,L2/ori0/k7/j11,16002,494,L4/OFF/k7/j11,excitatory,1.0,0.08818126091574885,0.08818126091574885,3801
diag/0,2,free,1004,L2/ori0/k7/j11,16003,495,INH/OFF/k7/j11,inhibitory,1.0,0.06705910088185776,-0.06705910088185776,3801
diag/0,2,free,1004,L2/ori0/k7/j11,16004,428,L4/ON/k6/j11,excitatory,1.0,0.05524304809717194,0.05524304809717194,3801
diag/0,2,free,1004,L2/ori0/k7/j11,16005,429,INH/ON/k6/j11,inhibitory,1.0,0.04717275937163294,-0.04717275937163294,3801
diag/0,2,free,1004,L2/ori0/k7/j11,16006,430,L4/OFF/k6/j11,excitatory,1.0,0.030948560309729808,0.030948560309729808,3801
diag/0,2,free,1004,L2/ori0/k7/j11,16007,431,INH/OFF/k6/j11,inhibitory,1.0,0.07426924523249945,-0.07426924523249945,3801
diag/0,2,free,1004,L2/ori0/k7/j11,16008,488,L4/ON/k7/j10,excitatory,1.0,0.05920719283568795,0.05920719283568795,3801
diag/0,2,free,1004,L2/ori0/k7/j11,16009,489,INH/ON/k7/j10,inhibitory,1.0,0.06023178832564076,-0.06023178832564076,3801
diag/0,2,free,1004,L2/ori0/k7/j11,16010,490,L4/OFF/k7/j10,excitatory,1.0,0.1110487878109955,0.1110487878109955,3801
diag/0,2,free,1004,L2/ori0/k7/j11,16011,491,INH/OFF/k7/j10,inhibitory,1.0,0.07331363704351535,-0.07331363704351535,3801
diag/0,2,free,1004,L2/ori0/k7/j11,16012,496,L4/ON/k7/j12,excitatory,1.0,0.11209762339224091,0.11209762339224091,3801
diag/0,2,free,1004,L2/ori0/k7/j11,16013,497,INH/ON/k7/j12,inhibitory,1.0,0.008792443690650053,-0.008792443690650053,3801
diag/0,2,free,1004,L2/ori0/k7/j11,16014,498,L4/OFF/k7/j12,excitatory,1.0,0.06734563770445767,0.06734563770445767,3801
diag/0,2,free,1004,L2/ori0/k7/j11,16015,499,INH/OFF/k7/j12,inhibitory,1.0,0.022391005999712964,-0.022391005999712964,3801
diag/0,2,free,1004,L2/ori0/k7/j11,16016,424,L4/ON/k6/j10,excitatory,1.0,0.09902007704111074,0.09902007704111074,3801
diag/0,2,free,1004,L2/ori0/k7/j11,16017,425,INH/ON/k6/j10,inhibitory,1.0,0.060650625266124414,-0.060650625266124414,3801
diag/0,2,free,1004,L2/ori0/k7/j11,16018,426,L4/OFF/k6/j10,excitatory,1.0,0.07230790971341425,0.07230790971341425,3801
diag/0,2,free,1004,L2/ori0/k7/j11,16019,427,INH/OFF/k6/j10,inhibitory,1.0,0.04090468152084713,-0.04090468152084713,3801
diag/0,2,free,1004,L2/ori0/k7/j11,16020,432,L4/ON/k6/j12,excitatory,1.0,0.08127804763219887,0.08127804763219887,3801
diag/0,2,free,1004,L2/ori0/k7/j11,16021,433,INH/ON/k6/j12,inhibitory,1.0,0.010531815283174194,-0.010531815283174194,3801
diag/0,2,free,1004,L2/ori0/k7/j11,16022,434,L4/OFF/k6/j12,excitatory,1.0,0.07321331492439266,0.07321331492439266,3801
diag/0,2,free,1004,L2/ori0/k7/j11,16023,435,INH/OFF/k6/j12,inhibitory,1.0,0.00026866515817543213,-0.00026866515817543213,3801
diag/0,2,free,1004,L2/ori0/k7/j11,16024,364,L4/ON/k5/j11,excitatory,1.0,0.01817730525849227,0.01817730525849227,3801
diag/0,2,free,1004,L2/ori0/k7/j11,16025,365,INH/ON/k5/j11,inhibitory,1.0,0.06380270405337879,-0.06380270405337879,3801
diag/0,2,free,1004,L2/ori0/k7/j11,16026,366,L4/OFF/k5/j11,excitatory,1.0,0.08709044926147587,0.08709044926147587,3801
diag/0,2,free,1004,L2/ori0/k7/j11,16027,367,INH/OFF/k5/j11,inhibitory,1.0,0.041744100253653924,-0.041744100253653924,3801
diag/0,2,free,1004,L2/ori0/k7/j11,16030,362,L4/OFF/k5/j10,excitatory,1.0,0.047849641593481144,0.047849641593481144,3801
diag/0,2,free,1004,L2/ori0/k7/j11,16031,363,INH/OFF/k5/j10,inhibitory,1.0,0.021613578203312868,-0.021613578203312868,3801
diag/0,2,free,1004,L2/ori0/k7/j11,16032,368,L4/ON/k5/j12,excitatory,1.0,0.06268385464707629,0.06268385464707629,3801
diag/0,2,free,1004,L2/ori0/k7/j11,16033,369,INH/ON/k5/j12,inhibitory,1.0,0.02494664585067096,-0.02494664585067096,3801
diag/0,2,free,1004,L2/ori0/k7/j11,16034,370,L4/OFF/k5/j12,excitatory,1.0,0.08735898039093747,0.08735898039093747,3801
diag/0,2,free,1004,L2/ori0/k7/j11,16035,371,INH/OFF/k5/j12,inhibitory,1.0,0.02622341734977235,-0.02622341734977235,3801
diag/0,2,free,1004,L2/ori0/k7/j11,16040,436,L4/ON/k6/j13,excitatory,1.0,0.05805572246043244,0.05805572246043244,3801
diag/0,2,free,1004,L2/ori0/k7/j11,16041,437,INH/ON/k6/j13,inhibitory,1.0,0.04626181967660645,-0.04626181967660645,3801
diag/0,2,free,1004,L2/ori0/k7/j11,16042,438,L4/OFF/k6/j13,excitatory,1.0,0.03780063073294782,0.03780063073294782,3801
diag/0,2,free,1004,L2/ori0/k7/j11,16043,439,INH/OFF/k6/j13,inhibitory,1.0,0.0006534986406311638,-0.0006534986406311638,3801
diag/0,2,free,1004,L2/ori0/k7/j11,16044,420,L4/ON/k6/j9,excitatory,1.0,0.05749651255998827,0.05749651255998827,3801
diag/0,2,free,1004,L2/ori0/k7/j11,16045,421,INH/ON/k6/j9,inhibitory,1.0,0.04870912055965542,-0.04870912055965542,3801
diag/0,2,free,1004,L2/ori0/k7/j11,16046,422,L4/OFF/k6/j9,excitatory,1.0,0.07781414910437062,0.07781414910437062,3801
diag/0,2,free,1004,L2/ori0/k7/j11,16047,423,INH/OFF/k6/j9,inhibitory,1.0,0.0547766549703975,-0.0547766549703975,3801
diag/0,2,free,1004,L2/ori0/k7/j11,16062,374,L4/OFF/k5/j13,excitatory,1.0,0.050775173954027565,0.050775173954027565,3801
diag/0,2,free,1004,L2/ori0/k7/j11,16063,375,INH/OFF/k5/j13,inhibitory,1.0,0.01918085624193388,-0.01918085624193388,3801
diag/0,2,free,1006,L2/ori90/k7/j11,16064,492,L4/ON/k7/j11,excitatory,1.0,0.06591001908630024,0.06591001908630024,3801
diag/0,2,free,1006,L2/ori90/k7/j11,16065,493,INH/ON/k7/j11,inhibitory,1.0,0.03633755543753615,-0.03633755543753615,3801
diag/0,2,free,1006,L2/ori90/k7/j11,16066,494,L4/OFF/k7/j11,excitatory,1.0,0.08063031144492945,0.08063031144492945,3801
diag/0,2,free,1006,L2/ori90/k7/j11,16067,495,INH/OFF/k7/j11,inhibitory,1.0,0.06671939494683193,-0.06671939494683193,3801
diag/0,2,free,1006,L2/ori90/k7/j11,16068,428,L4/ON/k6/j11,excitatory,1.0,0.0659276236084689,0.0659276236084689,3801
diag/0,2,free,1006,L2/ori90/k7/j11,16069,429,INH/ON/k6/j11,inhibitory,1.0,0.0013157894733379504,-0.0013157894733379504,3801
diag/0,2,free,1006,L2/ori90/k7/j11,16070,430,L4/OFF/k6/j11,excitatory,1.0,0.0889682130842453,0.0889682130842453,3801
diag/0,2,free,1006,L2/ori90/k7/j11,16071,431,INH/OFF/k6/j11,inhibitory,1.0,0.06560984881628927,-0.06560984881628927,3801
diag/0,2,free,1006,L2/ori90/k7/j11,16072,488,L4/ON/k7/j10,excitatory,1.0,0.07958667678794436,0.07958667678794436,3801
diag/0,2,free,1006,L2/ori90/k7/j11,16073,489,INH/ON/k7/j10,inhibitory,1.0,0.055855121993157224,-0.055855121993157224,3801
diag/0,2,free,1006,L2/ori90/k7/j11,16074,490,L4/OFF/k7/j10,excitatory,1.0,0.09455341407627178,0.09455341407627178,3801
diag/0,2,free,1006,L2/ori90/k7/j11,16075,491,INH/OFF/k7/j10,inhibitory,1.0,0.005569023336403163,-0.005569023336403163,3801
diag/0,2,free,1006,L2/ori90/k7/j11,16076,496,L4/ON/k7/j12,excitatory,1.0,0.0645119016909063,0.0645119016909063,3801
diag/0,2,free,1006,L2/ori90/k7/j11,16077,497,INH/ON/k7/j12,inhibitory,1.0,0.06628124758496698,-0.06628124758496698,3801
diag/0,2,free,1006,L2/ori90/k7/j11,16078,498,L4/OFF/k7/j12,excitatory,1.0,0.08055782160400621,0.08055782160400621,3801
diag/0,2,free,1006,L2/ori90/k7/j11,16079,499,INH/OFF/k7/j12,inhibitory,1.0,0.027186702364468976,-0.027186702364468976,3801
diag/0,2,free,1006,L2/ori90/k7/j11,16080,424,L4/ON/k6/j10,excitatory,1.0,0.11211662194924085,0.11211662194924085,3801
diag/0,2,free,1006,L2/ori90/k7/j11,16081,425,INH/ON/k6/j10,inhibitory,1.0,0.07380319440243267,-0.07380319440243267,3801
diag/0,2,free,1006,L2/ori90/k7/j11,16082,426,L4/OFF/k6/j10,excitatory,1.0,0.0946111677481062,0.0946111677481062,3801
diag/0,2,free,1006,L2/ori90/k7/j11,16083,427,INH/OFF/k6/j10,inhibitory,1.0,0.09433114149696419,-0.09433114149696419,3801
diag/0,2,free,1006,L2/ori90/k7/j11,16084,432,L4/ON/k6/j12,excitatory,1.0,0.025380165336594564,0.025380165336594564,3801
diag/0,2,free,1006,L2/ori90/k7/j11,16085,433,INH/ON/k6/j12,inhibitory,1.0,0.06837895293373598,-0.06837895293373598,3801
diag/0,2,free,1006,L2/ori90/k7/j11,16086,434,L4/OFF/k6/j12,excitatory,1.0,0.08427249715166697,0.08427249715166697,3801
diag/0,2,free,1006,L2/ori90/k7/j11,16087,435,INH/OFF/k6/j12,inhibitory,1.0,0.05684683676595285,-0.05684683676595285,3801
diag/0,2,free,1006,L2/ori90/k7/j11,16088,364,L4/ON/k5/j11,excitatory,1.0,0.11591417246910571,0.11591417246910571,3801
diag/0,2,free,1006,L2/ori90/k7/j11,16089,365,INH/ON/k5/j11,inhibitory,1.0,0.031607280871162345,-0.031607280871162345,3801
diag/0,2,free,1006,L2/ori90/k7/j11,16090,366,L4/OFF/k5/j11,excitatory,1.0,0.0745918572779101,0.0745918572779101,3801
diag/0,2,free,1006,L2/ori90/k7/j11,16091,367,INH/OFF/k5/j11,inhibitory,1.0,0.021247221487295187,-0.021247221487295187,3801
diag/0,2,free,1006,L2/ori90/k7/j11,16094,362,L4/OFF/k5/j10,excitatory,1.0,0.02889365662659133,0.02889365662659133,3801
diag/0,2,free,1006,L2/ori90/k7/j11,16095,363,INH/OFF/k5/j10,inhibitory,1.0,0.01786151809097337,-0.01786151809097337,3801
diag/0,2,free,1006,L2/ori90/k7/j11,16096,368,L4/ON/k5/j12,excitatory,1.0,0.08344689505093632,0.08344689505093632,3801
diag/0,2,free,1006,L2/ori90/k7/j11,16097,369,INH/ON/k5/j12,inhibitory,1.0,0.061293282937939134,-0.061293282937939134,3801
diag/0,2,free,1006,L2/ori90/k7/j11,16098,370,L4/OFF/k5/j12,excitatory,1.0,0.0733473863768069,0.0733473863768069,3801
diag/0,2,free,1006,L2/ori90/k7/j11,16099,371,INH/OFF/k5/j12,inhibitory,1.0,0.0239143522950937,-0.0239143522950937,3801
diag/0,2,free,1006,L2/ori90/k7/j11,16104,436,L4/ON/k6/j13,excitatory,1.0,0.03382935291632196,0.03382935291632196,3801
diag/0,2,free,1006,L2/ori90/k7/j11,16105,437,INH/ON/k6/j13,inhibitory,1.0,0.08815626785960802,-0.08815626785960802,3801
diag/0,2,free,1006,L2/ori90/k7/j11,16106,438,L4/OFF/k6/j13,excitatory,1.0,0.02545725350003384,0.02545725350003384,3801
diag/0,2,free,1006,L2/ori90/k7/j11,16107,439,INH/OFF/k6/j13,inhibitory,1.0,0.061329386845928494,-0.061329386845928494,3801
diag/0,2,free,1006,L2/ori90/k7/j11,16108,420,L4/ON/k6/j9,excitatory,1.0,0.07249844212148349,0.07249844212148349,3801
diag/0,2,free,1006,L2/ori90/k7/j11,16109,421,INH/ON/k6/j9,inhibitory,1.0,0.08405121476942899,-0.08405121476942899,3801
diag/0,2,free,1006,L2/ori90/k7/j11,16110,422,L4/OFF/k6/j9,excitatory,1.0,0.08329993224310873,0.08329993224310873,3801
diag/0,2,free,1006,L2/ori90/k7/j11,16111,423,INH/OFF/k6/j9,inhibitory,1.0,0.054369653396323145,-0.054369653396323145,3801
diag/0,2,free,1006,L2/ori90/k7/j11,16126,374,L4/OFF/k5/j13,excitatory,1.0,0.0,0.0,3801
diag/0,2,free,1006,L2/ori90/k7/j11,16127,375,INH/OFF/k5/j13,inhibitory,1.0,0.05151096501480323,-0.05151096501480323,3801
diag/0,2,free,1008,L2/ori0/k7/j12,16128,496,L4/ON/k7/j12,excitatory,1.0,0.0847380808392577,0.0847380808392577,3801
diag/0,2,free,1008,L2/ori0/k7/j12,16129,497,INH/ON/k7/j12,inhibitory,1.0,0.004144161103700285,-0.004144161103700285,3801
diag/0,2,free,1008,L2/ori0/k7/j12,16130,498,L4/OFF/k7/j12,excitatory,1.0,0.10711548078926975,0.10711548078926975,3801
diag/0,2,free,1008,L2/ori0/k7/j12,16131,499,INH/OFF/k7/j12,inhibitory,1.0,0.06892904409109236,-0.06892904409109236,3801
diag/0,2,free,1008,L2/ori0/k7/j12,16132,432,L4/ON/k6/j12,excitatory,1.0,0.10245899026017323,0.10245899026017323,3801
diag/0,2,free,1008,L2/ori0/k7/j12,16133,433,INH/ON/k6/j12,inhibitory,1.0,0.05950571180687578,-0.05950571180687578,3801
diag/0,2,free,1008,L2/ori0/k7/j12,16134,434,L4/OFF/k6/j12,excitatory,1.0,0.06883163489415324,0.06883163489415324,3801
diag/0,2,free,1008,L2/ori0/k7/j12,16135,435,INH/OFF/k6/j12,inhibitory,1.0,0.01829522727296841,-0.01829522727296841,3801
diag/0,2,free,1008,L2/ori0/k7/j12,16136,500,L4/ON/k7/j13,excitatory,1.0,0.049947973347465674,0.049947973347465674,3801
diag/0,2,free,1008,L2/ori0/k7/j12,16137,501,INH/ON/k7/j13,inhibitory,1.0,0.03839050125540095,-0.03839050125540095,3801
diag/0,2,free,1008,L2/ori0/k7/j12,16138,502,L4/OFF/k7/j13,excitatory,1.0,0.07561028561151717,0.07561028561151717,3801
diag/0,2,free,1008,L2/ori0/k7/j12,16139,503,INH/OFF/k7/j13,inhibitory,1.0,0.054868457651089164,-0.054868457651089164,3801
diag/0,2,free,1008,L2/ori0/k7/j12,16140,492,L4/ON/k7/j11,excitatory,1.0,0.040592112740661754,0.040592112740661754,3801
diag/0,2,free,1008,L2/ori0/k7/j12,16141,493,INH/ON/k7/j11,inhibitory,1.0,0.03489015211939815,-0.03489015211939815,3801
diag/0,2,free,1008,L2/ori0/k7/j12,16142,494,L4/OFF/k7/j11,excitatory,1.0,0.023506319270004877,0.023506319270004877,3801
diag/0,2,free,1008,L2/ori0/k7/j12,16143,495,INH/OFF/k7/j11,inhibitory,1.0,0.07160798276224131,-0.07160798276224131,3801
diag/0,2,free,1008,L2/ori0/k7/j12,16144,436,L4/ON/k6/j13,excitatory,1.0,0.06988445515153363,0.06988445515153363,3801
diag/0,2,free,1008,L2/ori0/k7/j12,16145,437,INH/ON/k6/j13,inhibitory,1.0,0.02720921716024726,-0.02720921716024726,3801
diag/0,2,free,1008,L2/ori0/k7/j12,16146,438,L4/OFF/k6/j13,excitatory,1.0,0.02307374430297258,0.02307374430297258,3801
diag/0,2,free,1008,L2/ori0/k7/j12,16147,439,INH/OFF/k6/j13,inhibitory,1.0,0.010828993520835495,-0.010828993520835495,3801
diag/0,2,free,1008,L2/ori0/k7/j12,16148,428,L4/ON/k6/j11,excitatory,1.0,0.10910203908026683,0.10910203908026683,3801
diag/0,2,free,1008,L2/ori0/k7/j12,16149,429,INH/ON/k6/j11,inhibitory,1.0,0.0688967667387305,-0.0688967667387305,3801
diag/0,2,free,1008,L2/ori0/k7/j12,16150,430,L4/OFF/k6/j11,excitatory,1.0,0.04806587468013107,0.04806587468013107,3801
diag/0,2,free,1008,L2/ori0/k7/j12,16151,431,INH/OFF/k6/j11,inhibitory,1.0,0.0010416666664496527,-0.0010416666664496527,3801
diag/0,2,free,1008,L2/ori0/k7/j12,16152,368,L4/ON/k5/j12,excitatory,1.0,0.017665248652985414,0.017665248652985414,3801
diag/0,2,free,1008,L2/ori0/k7/j12,16153,369,INH/ON/k5/j12,inhibitory,1.0,0.06773649355945831,-0.06773649355945831,3801
diag/0,2,free,1008,L2/ori0/k7/j12,16154,370,L4/OFF/k5/j12,excitatory,1.0,0.06941160763255452,0.06941160763255452,3801
diag/0,2,free,1008,L2/ori0/k7/j12,16155,371,INH/OFF/k5/j12,inhibitory,1.0,0.05524307133922027,-0.05524307133922027,3801
diag/0,2,free,1008,L2/ori0/k7/j12,16158,374,L4/OFF/k5/j13,excitatory,1.0,0.0016181303487103353,0.0016181303487103353,3801
diag/0,2,free,1008,L2/ori0/k7/j12,16159,375,INH/OFF/k5/j13,inhibitory,1.0,0.037898024909231325,-0.037898024909231325,3801
diag/0,2,free,1008,L2/ori0/k7/j12,16160,364,L4/ON/k5/j11,excitatory,1.0,0.0060478774448752826,0.0060478774448752826,3801
diag/0,2,free,1008,L2/ori0/k7/j12,16161,365,INH/ON/k5/j11,inhibitory,1.0,0.01596106984313236,-0.01596106984313236,3801
diag/0,2,free,1008,L2/ori0/k7/j12,16162,366,L4/OFF/k5/j11,excitatory,1.0,0.10416223716100936,0.10416223716100936,3801
diag/0,2,free,1008,L2/ori0/k7/j12,16163,367,INH/OFF/k5/j11,inhibitory,1.0,0.026390822331419116,-0.026390822331419116,3801
diag/0,2,free,1008,L2/ori0/k7/j12,16168,440,L4/ON/k6/j14,excitatory,1.0,0.09031421567282602,0.09031421567282602,3801
diag/0,2,free,1008,L2/ori0/k7/j12,16169,441,INH/ON/k6/j14,inhibitory,1.0,0.06305006316032379,-0.06305006316032379,3801
diag/0,2,free,1008,L2/ori0/k7/j12,16170,442,L4/OFF/k6/j14,excitatory,1.0,0.0353563514762781,0.0353563514762781,3801
diag/0,2,free,1008,L2/ori0/k7/j12,16171,443,INH/OFF/k6/j14,inhibitory,1.0,0.04413225935535489,-0.04413225935535489,3801
diag/0,2,free,1008,L2/ori0/k7/j12,16172,424,L4/ON/k6/j10,excitatory,1.0,0.08273293008647478,0.08273293008647478,3801
diag/0,2,free,1008,L2/ori0/k7/j12,16173,425,INH/ON/k6/j10,inhibitory,1.0,0.056725315505544355,-0.056725315505544355,3801
diag/0,2,free,1008,L2/ori0/k7/j12,16174,426,L4/OFF/k6/j10,excitatory,1.0,0.1244846462699451,0.1244846462699451,3801
diag/0,2,free,1008,L2/ori0/k7/j12,16175,427,INH/OFF/k6/j10,inhibitory,1.0,0.07254390465970456,-0.07254390465970456,3801
diag/0,2,free,1008,L2/ori0/k7/j12,16186,362,L4/OFF/k5/j10,excitatory,1.0,0.018034733054650445,0.018034733054650445,3801
diag/0,2,free,1008,L2/ori0/k7/j12,16187,363,INH/OFF/k5/j10,inhibitory,1.0,0.025092594509183996,-0.025092594509183996,3801
diag/0,2,free,1010,L2/ori90/k7/j12,16192,496,L4/ON/k7/j12,excitatory,1.0,0.07310136642780164,0.07310136642780164,3801
diag/0,2,free,1010,L2/ori90/k7/j12,16193,497,INH/ON/k7/j12,inhibitory,1.0,0.0262644877683582,-0.0262644877683582,3801
diag/0,2,free,1010,L2/ori90/k7/j12,16194,498,L4/OFF/k7/j12,excitatory,1.0,0.11740902688919652,0.11740902688919652,3801
diag/0,2,free,1010,L2/ori90/k7/j12,16195,499,INH/OFF/k7/j12,inhibitory,1.0,0.0011904761901927437,-0.0011904761901927437,3801
diag/0,2,free,1010,L2/ori90/k7/j12,16196,432,L4/ON/k6/j12,excitatory,1.0,0.054288681674295194,0.054288681674295194,3801
diag/0,2,free,1010,L2/ori90/k7/j12,16197,433,INH/ON/k6/j12,inhibitory,1.0,0.07329883456842654,-0.07329883456842654,3801
diag/0,2,free,1010,L2/ori90/k7/j12,16198,434,L4/OFF/k6/j12,excitatory,1.0,0.07579328342889846,0.07579328342889846,3801
diag/0,2,free,1010,L2/ori90/k7/j12,16199,435,INH/OFF/k6/j12,inhibitory,1.0,0.06130229666508651,-0.06130229666508651,3801
diag/0,2,free,1010,L2/ori90/k7/j12,16200,500,L4/ON/k7/j13,excitatory,1.0,0.09134453265339222,0.09134453265339222,3801
diag/0,2,free,1010,L2/ori90/k7/j12,16201,501,INH/ON/k7/j13,inhibitory,1.0,0.07814656815239446,-0.07814656815239446,3801
diag/0,2,free,1010,L2/ori90/k7/j12,16202,502,L4/OFF/k7/j13,excitatory,1.0,0.04302565678099507,0.04302565678099507,3801
diag/0,2,free,1010,L2/ori90/k7/j12,16203,503,INH/OFF/k7/j13,inhibitory,1.0,0.030042185635877728,-0.030042185635877728,3801
diag/0,2,free,1010,L2/ori90/k7/j12,16204,492,L4/ON/k7/j11,excitatory,1.0,0.016339779117441694,0.016339779117441694,3801
diag/0,2,free,1010,L2/ori90/k7/j12,16205,493,INH/ON/k7/j11,inhibitory,1.0,0.005533028030065037,-0.005533028030065037,3801
diag/0,2,free,1010,L2/ori90/k7/j12,16206,494,L4/OFF/k7/j11,excitatory,1.0,0.028988663190365367,0.028988663190365367,3801
diag/0,2,free,1010,L2/ori90/k7/j12,16207,495,INH/OFF/k7/j11,inhibitory,1.0,0.005406501681358973,-0.005406501681358973,3801
diag/0,2,free,1010,L2/ori90/k7/j12,16208,436,L4/ON/k6/j13,excitatory,1.0,0.014870179760871637,0.014870179760871637,3801
diag/0,2,free,1010,L2/ori90/k7/j12,16209,437,INH/ON/k6/j13,inhibitory,1.0,0.06955579167903941,-0.06955579167903941,3801
diag/0,2,free,1010,L2/ori90/k7/j12,16210,438,L4/OFF/k6/j13,excitatory,1.0,0.08305457855906748,0.08305457855906748,3801
diag/0,2,free,1010,L2/ori90/k7/j12,16211,439,INH/OFF/k6/j13,inhibitory,1.0,0.05446782512208618,-0.05446782512208618,3801
diag/0,2,free,1010,L2/ori90/k7/j12,16212,428,L4/ON/k6/j11,excitatory,1.0,0.09548022115413489,0.09548022115413489,3801
diag/0,2,free,1010,L2/ori90/k7/j12,16213,429,INH/ON/k6/j11,inhibitory,1.0,0.04153094145416957,-0.04153094145416957,3801
diag/0,2,free,1010,L2/ori90/k7/j12,16214,430,L4/OFF/k6/j11,excitatory,1.0,0.04430466578835192,0.04430466578835192,3801
diag/0,2,free,1010,L2/ori90/k7/j12,16215,431,INH/OFF/k6/j11,inhibitory,1.0,0.04275567537675569,-0.04275567537675569,3801
diag/0,2,free,1010,L2/ori90/k7/j12,16216,368,L4/ON/k5/j12,excitatory,1.0,0.08064816973552741,0.08064816973552741,3801
diag/0,2,free,1010,L2/ori90/k7/j12,16217,369,INH/ON/k5/j12,inhibitory,1.0,0.012904094217538947,-0.012904094217538947,3801
diag/0,2,free,1010,L2/ori90/k7/j12,16218,370,L4/OFF/k5/j12,excitatory,1.0,0.05793994934577588,0.05793994934577588,3801
diag/0,2,free,1010,L2/ori90/k7/j12,16219,371,INH/OFF/k5/j12,inhibitory,1.0,0.02231780417640778,-0.02231780417640778,3801
diag/0,2,free,1010,L2/ori90/k7/j12,16222,374,L4/OFF/k5/j13,excitatory,1.0,0.032038144217321145,0.032038144217321145,3801
diag/0,2,free,1010,L2/ori90/k7/j12,16223,375,INH/OFF/k5/j13,inhibitory,1.0,0.022276045229140812,-0.022276045229140812,3801
diag/0,2,free,1010,L2/ori90/k7/j12,16224,364,L4/ON/k5/j11,excitatory,1.0,0.09665592021967208,0.09665592021967208,3801
diag/0,2,free,1010,L2/ori90/k7/j12,16225,365,INH/ON/k5/j11,inhibitory,1.0,0.06125058173002071,-0.06125058173002071,3801
diag/0,2,free,1010,L2/ori90/k7/j12,16226,366,L4/OFF/k5/j11,excitatory,1.0,0.07279461034337528,0.07279461034337528,3801
diag/0,2,free,1010,L2/ori90/k7/j12,16227,367,INH/OFF/k5/j11,inhibitory,1.0,0.11915140542497304,-0.11915140542497304,3801
diag/0,2,free,1010,L2/ori90/k7/j12,16232,440,L4/ON/k6/j14,excitatory,1.0,0.012633010331660557,0.012633010331660557,3801
diag/0,2,free,1010,L2/ori90/k7/j12,16233,441,INH/ON/k6/j14,inhibitory,1.0,0.022929437024877885,-0.022929437024877885,3801
diag/0,2,free,1010,L2/ori90/k7/j12,16234,442,L4/OFF/k6/j14,excitatory,1.0,0.03733085498615847,0.03733085498615847,3801
diag/0,2,free,1010,L2/ori90/k7/j12,16235,443,INH/OFF/k6/j14,inhibitory,1.0,0.03401913501216801,-0.03401913501216801,3801
diag/0,2,free,1010,L2/ori90/k7/j12,16236,424,L4/ON/k6/j10,excitatory,1.0,0.04112324652434835,0.04112324652434835,3801
diag/0,2,free,1010,L2/ori90/k7/j12,16237,425,INH/ON/k6/j10,inhibitory,1.0,0.054335981577611436,-0.054335981577611436,3801
diag/0,2,free,1010,L2/ori90/k7/j12,16238,426,L4/OFF/k6/j10,excitatory,1.0,0.002717709561433768,0.002717709561433768,3801
diag/0,2,free,1010,L2/ori90/k7/j12,16239,427,INH/OFF/k6/j10,inhibitory,1.0,0.028461929371855155,-0.028461929371855155,3801
diag/0,2,free,1010,L2/ori90/k7/j12,16250,362,L4/OFF/k5/j10,excitatory,1.0,0.038083220749947924,0.038083220749947924,3801
diag/0,2,free,1010,L2/ori90/k7/j12,16251,363,INH/OFF/k5/j10,inhibitory,1.0,0.029187800907316933,-0.029187800907316933,3801
diag/0,2,free,1012,L2/ori0/k7/j13,16256,500,L4/ON/k7/j13,excitatory,1.0,0.07436173877074251,0.07436173877074251,3801
diag/0,2,free,1012,L2/ori0/k7/j13,16257,501,INH/ON/k7/j13,inhibitory,1.0,0.0354165306048957,-0.0354165306048957,3801
diag/0,2,free,1012,L2/ori0/k7/j13,16258,502,L4/OFF/k7/j13,excitatory,1.0,0.11391974613043733,0.11391974613043733,3801
diag/0,2,free,1012,L2/ori0/k7/j13,16259,503,INH/OFF/k7/j13,inhibitory,1.0,0.06389985838414954,-0.06389985838414954,3801
diag/0,2,free,1012,L2/ori0/k7/j13,16260,436,L4/ON/k6/j13,excitatory,1.0,0.05566387266213705,0.05566387266213705,3801
diag/0,2,free,1012,L2/ori0/k7/j13,16261,437,INH/ON/k6/j13,inhibitory,1.0,0.08145425557412386,-0.08145425557412386,3801
diag/0,2,free,1012,L2/ori0/k7/j13,16262,438,L4/OFF/k6/j13,excitatory,1.0,0.06808495798681402,0.06808495798681402,3801
diag/0,2,free,1012,L2/ori0/k7/j13,16263,439,INH/OFF/k6/j13,inhibitory,1.0,0.0211252112144565,-0.0211252112144565,3801
diag/0,2,free,1012,L2/ori0/k7/j13,16264,496,L4/ON/k7/j12,excitatory,1.0,0.108548919882291,0.108548919882291,3801
diag/0,2,free,1012,L2/ori0/k7/j13,16265,497,INH/ON/k7/j12,inhibitory,1.0,0.06852415018039518,-0.06852415018039518,3801
diag/0,2,free,1012,L2/ori0/k7/j13,16266,498,L4/OFF/k7/j12,excitatory,1.0,0.11619345261093124,0.11619345261093124,3801
diag/0,2,free,1012,L2/ori0/k7/j13,16267,499,INH/OFF/k7/j12,inhibitory,1.0,0.07962001347580457,-0.07962001347580457,3801
diag/0,2,free,1012,L2/ori0/k7/j13,16268,504,L4/ON/k7/j14,excitatory,1.0,0.06316621926184333,0.06316621926184333,3801
diag/0,2,free,1012,L2/ori0/k7/j13,16269,505,INH/ON/k7/j14,inhibitory,1.0,0.014975491749927584,-0.014975491749927584,3801
diag/0,2,free,1012,L2/ori0/k7/j13,16270,506,L4/OFF/k7/j14,excitatory,1.0,0.10033726543877847,0.10033726543877847,3801
diag/0,2,free,1012,L2/ori0/k7/j13,16271,507,INH/OFF/k7/j14,inhibitory,1.0,0.06997667240157399,-0.06997667240157399,3801
diag/0,2,free,1012,L2/ori0/k7/j13,16272,432,L4/ON/k6/j12,excitatory,1.0,0.0521067162409851,0.0521067162409851,3801
diag/0,2,free,1012,L2/ori0/k7/j13,16273,433,INH/ON/k6/j12,inhibitory,1.0,0.004020676028235132,-0.004020676028235132,3801
diag/0,2,free,1012,L2/ori0/k7/j13,16274,434,L4/OFF/k6/j12,excitatory,1.0,0.08131584058594259,0.08131584058594259,3801
diag/0,2,free,1012,L2/ori0/k7/j13,16275,435,INH/OFF/k6/j12,inhibitory,1.0,0.0,-0.0,3801
diag/0,2,free,1012,L2/ori0/k7/j13,16276,440,L4/ON/k6/j14,excitatory,1.0,0.02173875752620459,0.02173875752620459,3801
diag/0,2,free,1012,L2/ori0/k7/j13,16277,441,INH/ON/k6/j14,inhibitory,1.0,0.05761136041097414,-0.05761136041097414,3801
diag/0,2,free,1012,L2/ori0/k7/j13,16278,442,L4/OFF/k6/j14,excitatory,1.0,0.036071851269340115,0.036071851269340115,3801
diag/0,2,free,1012,L2/ori0/k7/j13,16279,443,INH/OFF/k6/j14,inhibitory,1.0,0.017880202642388623,-0.017880202642388623,3801
diag/0,2,free,1012,L2/ori0/k7/j13,16282,374,L4/OFF/k5/j13,excitatory,1.0,0.08432352055184772,0.08432352055184772,3801
diag/0,2,free,1012,L2/ori0/k7/j13,16283,375,INH/OFF/k5/j13,inhibitory,1.0,0.010393734329608106,-0.010393734329608106,3801
diag/0,2,free,1012,L2/ori0/k7/j13,16284,368,L4/ON/k5/j12,excitatory,1.0,0.0070612135937688225,0.0070612135937688225,3801
diag/0,2,free,1012,L2/ori0/k7/j13,16285,369,INH/ON/k5/j12,inhibitory,1.0,0.01144721513346969,-0.01144721513346969,3801
diag/0,2,free,1012,L2/ori0/k7/j13,16286,370,L4/OFF/k5/j12,excitatory,1.0,0.07359136693881699,0.07359136693881699,3801
diag/0,2,free,1012,L2/ori0/k7/j13,16287,371,INH/OFF/k5/j12,inhibitory,1.0,0.02066908735061665,-0.02066908735061665,3801
diag/0,2,free,1012,L2/ori0/k7/j13,16300,428,L4/ON/k6/j11,excitatory,1.0,0.04724804695642481,0.04724804695642481,3801
diag/0,2,free,1012,L2/ori0/k7/j13,16301,429,INH/ON/k6/j11,inhibitory,1.0,0.032148367634752935,-0.032148367634752935,3801
diag/0,2,free,1012,L2/ori0/k7/j13,16302,430,L4/OFF/k6/j11,excitatory,1.0,0.09753962840815492,0.09753962840815492,3801
diag/0,2,free,1012,L2/ori0/k7/j13,16303,431,INH/OFF/k6/j11,inhibitory,1.0,0.028222557109158344,-0.028222557109158344,3801
diag/0,2,free,1012,L2/ori0/k7/j13,16312,364,L4/ON/k5/j11,excitatory,1.0,0.03296984917199167,0.03296984917199167,3801
diag/0,2,free,1012,L2/ori0/k7/j13,16313,365,INH/ON/k5/j11,inhibitory,1.0,0.016510892936780774,-0.016510892936780774,3801
diag/0,2,free,1012,L2/ori0/k7/j13,16314,366,L4/OFF/k5/j11,excitatory,1.0,0.04320815117017609,0.04320815117017609,3801
diag/0,2,free,1012,L2/ori0/k7/j13,16315,367,INH/OFF/k5/j11,inhibitory,1.0,0.03923972005743088,-0.03923972005743088,3801
diag/0,2,free,1014,L2/ori90/k7/j13,16320,500,L4/ON/k7/j13,excitatory,1.0,0.12719388475631696,0.12719388475631696,3801
diag/0,2,free,1014,L2/ori90/k7/j13,16321,501,INH/ON/k7/j13,inhibitory,1.0,0.03706208574726007,-0.03706208574726007,3801
diag/0,2,free,1014,L2/ori90/k7/j13,16322,502,L4/OFF/k7/j13,excitatory,1.0,0.10914695705654404,0.10914695705654404,3801
diag/0,2,free,1014,L2/ori90/k7/j13,16323,503,INH/OFF/k7/j13,inhibitory,1.0,0.02215283982915921,-0.02215283982915921,3801
diag/0,2,free,1014,L2/ori90/k7/j13,16324,436,L4/ON/k6/j13,excitatory,1.0,0.08680808081961108,0.08680808081961108,3801
diag/0,2,free,1014,L2/ori90/k7/j13,16325,437,INH/ON/k6/j13,inhibitory,1.0,0.020430366647879807,-0.020430366647879807,3801
diag/0,2,free,1014,L2/ori90/k7/j13,16326,438,L4/OFF/k6/j13,excitatory,1.0,0.11308388992281213,0.11308388992281213,3801
diag/0,2,free,1014,L2/ori90/k7/j13,16327,439,INH/OFF/k6/j13,inhibitory,1.0,0.03608962781441337,-0.03608962781441337,3801
diag/0,2,free,1014,L2/ori90/k7/j13,16328,496,L4/ON/k7/j12,excitatory,1.0,0.016078521542578796,0.016078521542578796,3801
diag/0,2,free,1014,L2/ori90/k7/j13,16329,497,INH/ON/k7/j12,inhibitory,1.0,0.08842540180923728,-0.08842540180923728,3801
diag/0,2,free,1014,L2/ori90/k7/j13,16330,498,L4/OFF/k7/j12,excitatory,1.0,0.08573831451999438,0.08573831451999438,3801
diag/0,2,free,1014,L2/ori90/k7/j13,16331,499,INH/OFF/k7/j12,inhibitory,1.0,0.03798329689580026,-0.03798329689580026,3801
diag/0,2,free,1014,L2/ori90/k7/j13,16332,504,L4/ON/k7/j14,excitatory,1.0,0.102221390587522,0.102221390587522,3801
diag/0,2,free,1014,L2/ori90/k7/j13,16333,505,INH/ON/k7/j14,inhibitory,1.0,0.04816852130432317,-0.04816852130432317,3801
diag/0,2,free,1014,L2/ori90/k7/j13,16334,506,L4/OFF/k7/j14,excitatory,1.0,0.0702887143100547,0.0702887143100547,3801
diag/0,2,free,1014,L2/ori90/k7/j13,16335,507,INH/OFF/k7/j14,inhibitory,1.0,0.02030544702952267,-0.02030544702952267,3801
diag/0,2,free,1014,L2/ori90/k7/j13,16336,432,L4/ON/k6/j12,excitatory,1.0,0.07288513835523694,0.07288513835523694,3801
diag/0,2,free,1014,L2/ori90/k7/j13,16337,433,INH/ON/k6/j12,inhibitory,1.0,0.04229807154212648,-0.04229807154212648,3801
diag/0,2,free,1014,L2/ori90/k7/j13,16338,434,L4/OFF/k6/j12,excitatory,1.0,0.07008159462423616,0.07008159462423616,3801
diag/0,2,free,1014,L2/ori90/k7/j13,16339,435,INH/OFF/k6/j12,inhibitory,1.0,0.0701374787553968,-0.0701374787553968,3801
diag/0,2,free,1014,L2/ori90/k7/j13,16340,440,L4/ON/k6/j14,excitatory,1.0,0.045104408983425395,0.045104408983425395,3801
diag/0,2,free,1014,L2/ori90/k7/j13,16341,441,INH/ON/k6/j14,inhibitory,1.0,0.058251547187057225,-0.058251547187057225,3801
diag/0,2,free,1014,L2/ori90/k7/j13,16342,442,L4/OFF/k6/j14,excitatory,1.0,0.08418115072343985,0.08418115072343985,3801
diag/0,2,free,1014,L2/ori90/k7/j13,16343,443,INH/OFF/k6/j14,inhibitory,1.0,0.035895790361234386,-0.035895790361234386,3801
diag/0,2,free,1014,L2/ori90/k7/j13,16346,374,L4/OFF/k5/j13,excitatory,1.0,0.056185241408844226,0.056185241408844226,3801
diag/0,2,free,1014,L2/ori90/k7/j13,16347,375,INH/OFF/k5/j13,inhibitory,1.0,0.023696653403846923,-0.023696653403846923,3801
diag/0,2,free,1014,L2/ori90/k7/j13,16348,368,L4/ON/k5/j12,excitatory,1.0,0.0,0.0,3801
diag/0,2,free,1014,L2/ori90/k7/j13,16349,369,INH/ON/k5/j12,inhibitory,1.0,0.07162457309512421,-0.07162457309512421,3801
diag/0,2,free,1014,L2/ori90/k7/j13,16350,370,L4/OFF/k5/j12,excitatory,1.0,0.0009851016425558557,0.0009851016425558557,3801
diag/0,2,free,1014,L2/ori90/k7/j13,16351,371,INH/OFF/k5/j12,inhibitory,1.0,0.06316883841027775,-0.06316883841027775,3801
diag/0,2,free,1014,L2/ori90/k7/j13,16364,428,L4/ON/k6/j11,excitatory,1.0,0.08484820942690403,0.08484820942690403,3801
diag/0,2,free,1014,L2/ori90/k7/j13,16365,429,INH/ON/k6/j11,inhibitory,1.0,0.024289965436061208,-0.024289965436061208,3801
diag/0,2,free,1014,L2/ori90/k7/j13,16366,430,L4/OFF/k6/j11,excitatory,1.0,0.032148948517621664,0.032148948517621664,3801
diag/0,2,free,1014,L2/ori90/k7/j13,16367,431,INH/OFF/k6/j11,inhibitory,1.0,0.029271177152722462,-0.029271177152722462,3801
diag/0,2,free,1014,L2/ori90/k7/j13,16376,364,L4/ON/k5/j11,excitatory,1.0,0.0,0.0,3801
diag/0,2,free,1014,L2/ori90/k7/j13,16377,365,INH/ON/k5/j11,inhibitory,1.0,0.021964166411167423,-0.021964166411167423,3801
diag/0,2,free,1014,L2/ori90/k7/j13,16378,366,L4/OFF/k5/j11,excitatory,1.0,0.0753844951535556,0.0753844951535556,3801
diag/0,2,free,1014,L2/ori90/k7/j13,16379,367,INH/OFF/k5/j11,inhibitory,1.0,0.0703782113015978,-0.0703782113015978,3801
diag/1,2,free,512,L2/ori0/k0/j0,256,0,L4/ON/k0/j0,excitatory,1.0,0.004680489672174362,0.004680489672174362,3801
diag/1,2,free,512,L2/ori0/k0/j0,257,1,INH/ON/k0/j0,inhibitory,1.0,0.04048599739981638,-0.04048599739981638,3801
diag/1,2,free,512,L2/ori0/k0/j0,258,2,L4/OFF/k0/j0,excitatory,1.0,0.045791488370842105,0.045791488370842105,3801
diag/1,2,free,512,L2/ori0/k0/j0,259,3,INH/OFF/k0/j0,inhibitory,1.0,0.04755586142466597,-0.04755586142466597,3801
diag/1,2,free,512,L2/ori0/k0/j0,260,4,L4/ON/k0/j1,excitatory,1.0,0.038863524599293785,0.038863524599293785,3801
diag/1,2,free,512,L2/ori0/k0/j0,261,5,INH/ON/k0/j1,inhibitory,1.0,0.03557785263411894,-0.03557785263411894,3801
diag/1,2,free,512,L2/ori0/k0/j0,262,6,L4/OFF/k0/j1,excitatory,1.0,0.02801621374379122,0.02801621374379122,3801
diag/1,2,free,512,L2/ori0/k0/j0,263,7,INH/OFF/k0/j1,inhibitory,1.0,0.03391213727716386,-0.03391213727716386,3801
diag/1,2,free,512,L2/ori0/k0/j0,264,60,L4/ON/k0/j15,excitatory,1.0,0.05931120058515684,0.05931120058515684,3801
diag/1,2,free,512,L2/ori0/k0/j0,265,61,INH/ON/k0/j15,inhibitory,1.0,0.0939507184490038,-0.0939507184490038,3801
diag/1,2,free,512,L2/ori0/k0/j0,266,62,L4/OFF/k0/j15,excitatory,1.0,0.07986682715071802,0.07986682715071802,3801
diag/1,2,free,512,L2/ori0/k0/j0,267,63,INH/OFF/k0/j15,inhibitory,1.0,0.012912715953485497,-0.012912715953485497,3801
diag/1,2,free,512,L2/ori0/k0/j0,268,56,L4/ON/k0/j14,excitatory,1.0,0.06167136932030935,0.06167136932030935,3801
diag/1,2,free,512,L2/ori0/k0/j0,269,57,INH/ON/k0/j14,inhibitory,1.0,0.021261840655105342,-0.021261840655105342,3801
diag/1,2,free,512,L2/ori0/k0/j0,270,58,L4/OFF/k0/j14,excitatory,1.0,0.04296924627702066,0.04296924627702066,3801
diag/1,2,free,512,L2/ori0/k0/j0,271,59,INH/OFF/k0/j14,inhibitory,1.0,0.05589517875822363,-0.05589517875822363,3801
diag/1,2,free,512,L2/ori0/k0/j0,272,8,L4/ON/k0/j2,excitatory,1.0,0.050901015132466976,0.050901015132466976,3801
diag/1,2,free,512,L2/ori0/k0/j0,273,9,INH/ON/k0/j2,inhibitory,1.0,0.021864536243950745,-0.021864536243950745,3801
diag/1,2,free,512,L2/ori0/k0/j0,274,10,L4/OFF/k0/j2,excitatory,1.0,0.042981324449634775,0.042981324449634775,3801
diag/1,2,free,512,L2/ori0/k0/j0,275,11,INH/OFF/k0/j2,inhibitory,1.0,0.004515869482979216,-0.004515869482979216,3801
diag/1,2,free,512,L2/ori0/k0/j0,276,12,L4/ON/k0/j3,excitatory,1.0,0.06721465418832585,0.06721465418832585,3801
diag/1,2,free,512,L2/ori0/k0/j0,277,13,INH/ON/k0/j3,inhibitory,1.0,0.044101247098668785,-0.044101247098668785,3801
diag/1,2,free,512,L2/ori0/k0/j0,278,14,L4/OFF/k0/j3,excitatory,1.0,0.11133767666102798,0.11133767666102798,3801
diag/1,2,free,512,L2/ori0/k0/j0,279,15,INH/OFF/k0/j3,inhibitory,1.0,0.05796003791127156,-0.05796003791127156,3801
diag/1,2,free,512,L2/ori0/k0/j0,280,52,L4/ON/k0/j13,excitatory,1.0,0.020786093809363484,0.020786093809363484,3801
diag/1,2,free,512,L2/ori0/k0/j0,281,53,INH/ON/k0/j13,inhibitory,1.0,0.07819723473550332,-0.07819723473550332,3801
diag/1,2,free,512,L2/ori0/k0/j0,282,54,L4/OFF/k0/j13,excitatory,1.0,0.11259525673295298,0.11259525673295298,3801
diag/1,2,free,512,L2/ori0/k0/j0,283,55,INH/OFF/k0/j13,inhibitory,1.0,0.06104311428495856,-0.06104311428495856,3801
diag/1,2,free,512,L2/ori0/k0/j0,284,16,L4/ON/k0/j4,excitatory,1.0,0.06672898257159131,0.06672898257159131,3801
diag/1,2,free,512,L2/ori0/k0/j0,285,17,INH/ON/k0/j4,inhibitory,1.0,0.09765302155082574,-0.09765302155082574,3801
diag/1,2,free,512,L2/ori0/k0/j0,286,18,L4/OFF/k0/j4,excitatory,1.0,0.02755726146451261,0.02755726146451261,3801
diag/1,2,free,512,L2/ori0/k0/j0,287,19,INH/OFF/k0/j4,inhibitory,1.0,0.04073162543552931,-0.04073162543552931,3801
diag/1,2,free,512,L2/ori0/k0/j0,288,48,L4/ON/k0/j12,excitatory,1.0,0.059126459609910934,0.059126459609910934,3801
diag/1,2,free,512,L2/ori0/k0/j0,289,49,INH/ON/k0/j12,inhibitory,1.0,0.05933286127714335,-0.05933286127714335,3801
diag/1,2,free,512,L2/ori0/k0/j0,290,50,L4/OFF/k0/j12,excitatory,1.0,0.09762564852204025,0.09762564852204025,3801
diag/1,2,free,512,L2/ori0/k0/j0,291,51,INH/OFF/k0/j12,inhibitory,1.0,0.048849015843306455,-0.048849015843306455,3801
diag/1,2,free,512,L2/ori0/k0/j0,292,44,L4/ON/k0/j11,excitatory,1.0,0.009983192095892351,0.009983192095892351,3801
diag/1,2,free,512,L2/ori0/k0/j0,293,45,INH/ON/k0/j11,inhibitory,1.0,0.06126595711380867,-0.06126595711380867,3801
diag/1,2,free,512,L2/ori0/k0/j0,294,46,L4/OFF/k0/j11,excitatory,1.0,0.020692686930546836,0.020692686930546836,3801
diag/1,2,free,512,L2/ori0/k0/j0,295,47,INH/OFF/k0/j11,inhibitory,1.0,0.0028124999991992186,-0.0028124999991992186,3801
diag/1,2,free,512,L2/ori0/k0/j0,296,20,L4/ON/k0/j5,excitatory,1.0,0.001500151741299779,0.001500151741299779,3801
diag/1,2,free,512,L2/ori0/k0/j0,297,21,INH/ON/k0/j5,inhibitory,1.0,0.02946732648227459,-0.02946732648227459,3801
diag/1,2,free,512,L2/ori0/k0/j0,298,22,L4/OFF/k0/j5,excitatory,1.0,0.037113895961889624,0.037113895961889624,3801
diag/1,2,free,512,L2/ori0/k0/j0,299,23,INH/OFF/k0/j5,inhibitory,1.0,0.026872179486047268,-0.026872179486047268,3801
diag/1,2,free,512,L2/ori0/k0/j0,300,40,L4/ON/k0/j10,excitatory,1.0,0.06709463046819364,0.06709463046819364,3801
diag/1,2,free,512,L2/ori0/k0/j0,301,41,INH/ON/k0/j10,inhibitory,1.0,0.011728943295668034,-0.011728943295668034,3801
diag/1,2,free,512,L2/ori0/k0/j0,302,42,L4/OFF/k0/j10,excitatory,1.0,0.03297122797403061,0.03297122797403061,3801
diag/1,2,free,512,L2/ori0/k0/j0,303,43,INH/OFF/k0/j10,inhibitory,1.0,0.06258659854298321,-0.06258659854298321,3801
diag/1,2,free,512,L2/ori0/k0/j0,304,24,L4/ON/k0/j6,excitatory,1.0,0.07117863318022837,0.07117863318022837,3801
diag/1,2,free,512,L2/ori0/k0/j0,305,25,INH/ON/k0/j6,inhibitory,1.0,0.10983254655976081,-0.10983254655976081,3801
diag/1,2,free,512,L2/ori0/k0/j0,306,26,L4/OFF/k0/j6,excitatory,1.0,0.10035563480680317,0.10035563480680317,3801
diag/1,2,free,512,L2/ori0/k0/j0,307,27,INH/OFF/k0/j6,inhibitory,1.0,0.0028124999991992186,-0.0028124999991992186,3801
diag/1,2,free,512,L2/ori0/k0/j0,308,28,L4/ON/k0/j7,excitatory,1.0,0.08639632937769812,0.08639632937769812,3801
diag/1,2,free,512,L2/ori0/k0/j0,309,29,INH/ON/k0/j7,inhibitory,1.0,0.03568798900614934,-0.03568798900614934,3801
diag/1,2,free,512,L2/ori0/k0/j0,310,30,L4/OFF/k0/j7,excitatory,1.0,0.049325507458531814,0.049325507458531814,3801
diag/1,2,free,512,L2/ori0/k0/j0,311,31,INH/OFF/k0/j7,inhibitory,1.0,0.0488965765578604,-0.0488965765578604,3801
diag/1,2,free,512,L2/ori0/k0/j0,312,36,L4/ON/k0/j9,excitatory,1.0,0.028223316195117774,0.028223316195117774,3801
diag/1,2,free,512,L2/ori0/k0/j0,313,37,INH/ON/k0/j9,inhibitory,1.0,0.08073996156892821,-0.08073996156892821,3801
diag/1,2,free,512,L2/ori0/k0/j0,314,38,L4/OFF/k0/j9,excitatory,1.0,0.07012356206416957,0.07012356206416957,3801
diag/1,2,free,512,L2/ori0/k0/j0,315,39,INH/OFF/k0/j9,inhibitory,1.0,0.022779017630202326,-0.022779017630202326,3801
diag/1,2,free,512,L2/ori0/k0/j0,316,32,L4/ON/k0/j8,excitatory,1.0,0.043433470073739426,0.043433470073739426,3801
diag/1,2,free,512,L2/ori0/k0/j0,317,33,INH/ON/k0/j8,inhibitory,1.0,0.0197372816011217,-0.0197372816011217,3801
diag/1,2,free,512,L2/ori0/k0/j0,318,34,L4/OFF/k0/j8,excitatory,1.0,0.09141789069322145,0.09141789069322145,3801
diag/1,2,free,512,L2/ori0/k0/j0,319,35,INH/OFF/k0/j8,inhibitory,1.0,0.008348536960376686,-0.008348536960376686,3801
diag/1,2,free,514,L2/ori90/k0/j0,320,0,L4/ON/k0/j0,excitatory,1.0,0.07762884059540269,0.07762884059540269,3801
diag/1,2,free,514,L2/ori90/k0/j0,321,1,INH/ON/k0/j0,inhibitory,1.0,0.055142249630293384,-0.055142249630293384,3801
diag/1,2,free,514,L2/ori90/k0/j0,322,2,L4/OFF/k0/j0,excitatory,1.0,0.041400047994401175,0.041400047994401175,3801
diag/1,2,free,514,L2/ori90/k0/j0,323,3,INH/OFF/k0/j0,inhibitory,1.0,0.06789274665778613,-0.06789274665778613,3801
diag/1,2,free,514,L2/ori90/k0/j0,324,4,L4/ON/k0/j1,excitatory,1.0,0.028616774337386436,0.028616774337386436,3801
diag/1,2,free,514,L2/ori90/k0/j0,325,5,INH/ON/k0/j1,inhibitory,1.0,0.01563415752272115,-0.01563415752272115,3801
diag/1,2,free,514,L2/ori90/k0/j0,326,6,L4/OFF/k0/j1,excitatory,1.0,0.08159751613736864,0.08159751613736864,3801
diag/1,2,free,514,L2/ori90/k0/j0,327,7,INH/OFF/k0/j1,inhibitory,1.0,0.01043706015356617,-0.01043706015356617,3801
diag/1,2,free,514,L2/ori90/k0/j0,328,60,L4/ON/k0/j15,excitatory,1.0,0.09066848744693642,0.09066848744693642,3801
diag/1,2,free,514,L2/ori90/k0/j0,329,61,INH/ON/k0/j15,inhibitory,1.0,0.07835632517817079,-0.07835632517817079,3801
diag/1,2,free,514,L2/ori90/k0/j0,330,62,L4/OFF/k0/j15,excitatory,1.0,0.030871419242582247,0.030871419242582247,3801
diag/1,2,free,514,L2/ori90/k0/j0,331,63,INH/OFF/k0/j15,inhibitory,1.0,0.04426409520169226,-0.04426409520169226,3801
diag/1,2,free,514,L2/ori90/k0/j0,332,56,L4/ON/k0/j14,excitatory,1.0,0.027060586720360942,0.027060586720360942,3801
diag/1,2,free,514,L2/ori90/k0/j0,333,57,INH/ON/k0/j14,inhibitory,1.0,0.03956504748448795,-0.03956504748448795,3801
diag/1,2,free,514,L2/ori90/k0/j0,334,58,L4/OFF/k0/j14,excitatory,1.0,0.061694247295187826,0.061694247295187826,3801
diag/1,2,free,514,L2/ori90/k0/j0,335,59,INH/OFF/k0/j14,inhibitory,1.0,0.02836973783161017,-0.02836973783161017,3801
diag/1,2,free,514,L2/ori90/k0/j0,336,8,L4/ON/k0/j2,excitatory,1.0,0.06453206139592936,0.06453206139592936,3801
diag/1,2,free,514,L2/ori90/k0/j0,337,9,INH/ON/k0/j2,inhibitory,1.0,0.08511966486342865,-0.08511966486342865,3801
diag/1,2,free,514,L2/ori90/k0/j0,338,10,L4/OFF/k0/j2,excitatory,1.0,0.0457741029981875,0.0457741029981875,3801
diag/1,2,free,514,L2/ori90/k0/j0,339,11,INH/OFF/k0/j2,inhibitory,1.0,0.0028330469604529946,-0.0028330469604529946,3801
diag/1,2,free,514,L2/ori90/k0/j0,340,12,L4/ON/k0/j3,excitatory,1.0,0.04942499148679659,0.04942499148679659,3801
diag/1,2,free,514,L2/ori90/k0/j0,341,13,INH/ON/k0/j3,inhibitory,1.0,0.011304594606981314,-0.011304594606981314,3801
diag/1,2,free,514,L2/ori90/k0/j0,342,14,L4/OFF/k0/j3,excitatory,1.0,0.029138273551865695,0.029138273551865695,3801
diag/1,2,free,514,L2/ori90/k0/j0,343,15,INH/OFF/k0/j3,inhibitory,1.0,0.024258303724587225,-0.024258303724587225,3801
diag/1,2,free,514,L2/ori90/k0/j0,344,52,L4/ON/k0/j13,excitatory,1.0,0.06418169207933012,0.06418169207933012,3801
diag/1,2,free,514,L2/ori90/k0/j0,345,53,INH/ON/k0/j13,inhibitory,1.0,0.0007825854732559478,-0.0007825854732559478,3801
diag/1,2,free,514,L2/ori90/k0/j0,346,54,L4/OFF/k0/j13,excitatory,1.0,0.0770595507350085,0.0770595507350085,3801
diag/1,2,free,514,L2/ori90/k0/j0,347,55,INH/OFF/k0/j13,inhibitory,1.0,0.02811013534165134,-0.02811013534165134,3801
diag/1,2,free,514,L2/ori90/k0/j0,348,16,L4/ON/k0/j4,excitatory,1.0,0.0073837902391921065,0.0073837902391921065,3801
diag/1,2,free,514,L2/ori90/k0/j0,349,17,INH/ON/k0/j4,inhibitory,1.0,0.07264137322548633,-0.07264137322548633,3801
diag/1,2,free,514,L2/ori90/k0/j0,350,18,L4/OFF/k0/j4,excitatory,1.0,0.07146011969830403,0.07146011969830403,3801
diag/1,2,free,514,L2/ori90/k0/j0,351,19,INH/OFF/k0/j4,inhibitory,1.0,0.04376834298522511,-0.04376834298522511,3801
diag/1,2,free,514,L2/ori90/k0/j0,352,48,L4/ON/k0/j12,excitatory,1.0,0.08563195473825343,0.08563195473825343,3801
diag/1,2,free,514,L2/ori90/k0/j0,353,49,INH/ON/k0/j12,inhibitory,1.0,0.07444193915418429,-0.07444193915418429,3801
diag/1,2,free,514,L2/ori90/k0/j0,354,50,L4/OFF/k0/j12,excitatory,1.0,0.08558318559541016,0.08558318559541016,3801
diag/1,2,free,514,L2/ori90/k0/j0,355,51,INH/OFF/k0/j12,inhibitory,1.0,0.05833802227117125,-0.05833802227117125,3801
diag/1,2,free,514,L2/ori90/k0/j0,356,44,L4/ON/k0/j11,excitatory,1.0,0.11637583190424303,0.11637583190424303,3801
diag/1,2,free,514,L2/ori90/k0/j0,357,45,INH/ON/k0/j11,inhibitory,1.0,0.05184866345480976,-0.05184866345480976,3801
diag/1,2,free,514,L2/ori90/k0/j0,358,46,L4/OFF/k0/j11,excitatory,1.0,0.07524919047415113,0.07524919047415113,3801
diag/1,2,free,514,L2/ori90/k0/j0,359,47,INH/OFF/k0/j11,inhibitory,1.0,0.035204950657063305,-0.035204950657063305,3801
diag/1,2,free,514,L2/ori90/k0/j0,360,20,L4/ON/k0/j5,excitatory,1.0,0.026282018995777756,0.026282018995777756,3801
diag/1,2,free,514,L2/ori90/k0/j0,361,21,INH/ON/k0/j5,inhibitory,1.0,0.04727003056449517,-0.04727003056449517,3801
diag/1,2,free,514,L2/ori90/k0/j0,362,22,L4/OFF/k0/j5,excitatory,1.0,0.018592013242504948,0.018592013242504948,3801
diag/1,2,free,514,L2/ori90/k0/j0,363,23,INH/OFF/k0/j5,inhibitory,1.0,0.02119596732699254,-0.02119596732699254,3801
diag/1,2,free,514,L2/ori90/k0/j0,364,40,L4/ON/k0/j10,excitatory,1.0,0.03818099926210868,0.03818099926210868,3801
diag/1,2,free,514,L2/ori90/k0/j0,365,41,INH/ON/k0/j10,inhibitory,1.0,0.025977250183177397,-0.025977250183177397,3801
diag/1,2,free,514,L2/ori90/k0/j0,366,42,L4/OFF/k0/j10,excitatory,1.0,0.05349127077143904,0.05349127077143904,3801
diag/1,2,free,514,L2/ori90/k0/j0,367,43,INH/OFF/k0/j10,inhibitory,1.0,0.010813934583468035,-0.010813934583468035,3801
diag/1,2,free,514,L2/ori90/k0/j0,368,24,L4/ON/k0/j6,excitatory,1.0,0.05970941126308679,0.05970941126308679,3801
diag/1,2,free,514,L2/ori90/k0/j0,369,25,INH/ON/k0/j6,inhibitory,1.0,0.05274002437063298,-0.05274002437063298,3801
diag/1,2,free,514,L2/ori90/k0/j0,370,26,L4/OFF/k0/j6,excitatory,1.0,0.07195015047182188,0.07195015047182188,3801
diag/1,2,free,514,L2/ori90/k0/j0,371,27,INH/OFF/k0/j6,inhibitory,1.0,0.04256458288067911,-0.04256458288067911,3801
diag/1,2,free,514,L2/ori90/k0/j0,372,28,L4/ON/k0/j7,excitatory,1.0,0.08790674782070654,0.08790674782070654,3801
diag/1,2,free,514,L2/ori90/k0/j0,373,29,INH/ON/k0/j7,inhibitory,1.0,0.026494663954983576,-0.026494663954983576,3801
diag/1,2,free,514,L2/ori90/k0/j0,374,30,L4/OFF/k0/j7,excitatory,1.0,0.11255332202576192,0.11255332202576192,3801
diag/1,2,free,514,L2/ori90/k0/j0,375,31,INH/OFF/k0/j7,inhibitory,1.0,0.0004407051285356253,-0.0004407051285356253,3801
diag/1,2,free,514,L2/ori90/k0/j0,376,36,L4/ON/k0/j9,excitatory,1.0,0.09017380564236922,0.09017380564236922,3801
diag/1,2,free,514,L2/ori90/k0/j0,377,37,INH/ON/k0/j9,inhibitory,1.0,0.0037597859727726904,-0.0037597859727726904,3801
diag/1,2,free,514,L2/ori90/k0/j0,378,38,L4/OFF/k0/j9,excitatory,1.0,0.04769380135492813,0.04769380135492813,3801
diag/1,2,free,514,L2/ori90/k0/j0,379,39,INH/OFF/k0/j9,inhibitory,1.0,0.09411304749894259,-0.09411304749894259,3801
diag/1,2,free,514,L2/ori90/k0/j0,380,32,L4/ON/k0/j8,excitatory,1.0,0.025403766472749695,0.025403766472749695,3801
diag/1,2,free,514,L2/ori90/k0/j0,381,33,INH/ON/k0/j8,inhibitory,1.0,0.059630878434655,-0.059630878434655,3801
diag/1,2,free,514,L2/ori90/k0/j0,382,34,L4/OFF/k0/j8,excitatory,1.0,0.061602071076342343,0.061602071076342343,3801
diag/1,2,free,514,L2/ori90/k0/j0,383,35,INH/OFF/k0/j8,inhibitory,1.0,0.0004407051285356253,-0.0004407051285356253,3801
diag/1,2,free,1004,L2/ori0/k7/j11,16002,494,L4/OFF/k7/j11,excitatory,1.0,0.08818126091574885,0.08818126091574885,3801
diag/1,2,free,1004,L2/ori0/k7/j11,16003,495,INH/OFF/k7/j11,inhibitory,1.0,0.06705910088185776,-0.06705910088185776,3801
diag/1,2,free,1004,L2/ori0/k7/j11,16004,428,L4/ON/k6/j11,excitatory,1.0,0.05524304809717194,0.05524304809717194,3801
diag/1,2,free,1004,L2/ori0/k7/j11,16005,429,INH/ON/k6/j11,inhibitory,1.0,0.04717275937163294,-0.04717275937163294,3801
diag/1,2,free,1004,L2/ori0/k7/j11,16006,430,L4/OFF/k6/j11,excitatory,1.0,0.030948560309729808,0.030948560309729808,3801
diag/1,2,free,1004,L2/ori0/k7/j11,16007,431,INH/OFF/k6/j11,inhibitory,1.0,0.07426924523249945,-0.07426924523249945,3801
diag/1,2,free,1004,L2/ori0/k7/j11,16016,424,L4/ON/k6/j10,excitatory,1.0,0.09902007704111074,0.09902007704111074,3801
diag/1,2,free,1004,L2/ori0/k7/j11,16017,425,INH/ON/k6/j10,inhibitory,1.0,0.060650625266124414,-0.060650625266124414,3801
diag/1,2,free,1004,L2/ori0/k7/j11,16018,426,L4/OFF/k6/j10,excitatory,1.0,0.07230790971341425,0.07230790971341425,3801
diag/1,2,free,1004,L2/ori0/k7/j11,16019,427,INH/OFF/k6/j10,inhibitory,1.0,0.04090468152084713,-0.04090468152084713,3801
diag/1,2,free,1004,L2/ori0/k7/j11,16020,432,L4/ON/k6/j12,excitatory,1.0,0.08127804763219887,0.08127804763219887,3801
diag/1,2,free,1004,L2/ori0/k7/j11,16021,433,INH/ON/k6/j12,inhibitory,1.0,0.010531815283174194,-0.010531815283174194,3801
diag/1,2,free,1004,L2/ori0/k7/j11,16022,434,L4/OFF/k6/j12,excitatory,1.0,0.07321331492439266,0.07321331492439266,3801
diag/1,2,free,1004,L2/ori0/k7/j11,16023,435,INH/OFF/k6/j12,inhibitory,1.0,0.00026866515817543213,-0.00026866515817543213,3801
diag/1,2,free,1004,L2/ori0/k7/j11,16024,364,L4/ON/k5/j11,excitatory,1.0,0.01817730525849227,0.01817730525849227,3801
diag/1,2,free,1004,L2/ori0/k7/j11,16025,365,INH/ON/k5/j11,inhibitory,1.0,0.06380270405337879,-0.06380270405337879,3801
diag/1,2,free,1004,L2/ori0/k7/j11,16026,366,L4/OFF/k5/j11,excitatory,1.0,0.08709044926147587,0.08709044926147587,3801
diag/1,2,free,1004,L2/ori0/k7/j11,16027,367,INH/OFF/k5/j11,inhibitory,1.0,0.041744100253653924,-0.041744100253653924,3801
diag/1,2,free,1004,L2/ori0/k7/j11,16028,360,L4/ON/k5/j10,excitatory,1.0,0.01404743917199034,0.01404743917199034,3801
diag/1,2,free,1004,L2/ori0/k7/j11,16029,361,INH/ON/k5/j10,inhibitory,1.0,0.007639842459209668,-0.007639842459209668,3801
diag/1,2,free,1004,L2/ori0/k7/j11,16030,362,L4/OFF/k5/j10,excitatory,1.0,0.047849641593481144,0.047849641593481144,3801
diag/1,2,free,1004,L2/ori0/k7/j11,16031,363,INH/OFF/k5/j10,inhibitory,1.0,0.021613578203312868,-0.021613578203312868,3801
diag/1,2,free,1004,L2/ori0/k7/j11,16032,368,L4/ON/k5/j12,excitatory,1.0,0.06268385464707629,0.06268385464707629,3801
diag/1,2,free,1004,L2/ori0/k7/j11,16033,369,INH/ON/k5/j12,inhibitory,1.0,0.02494664585067096,-0.02494664585067096,3801
diag/1,2,free,1004,L2/ori0/k7/j11,16034,370,L4/OFF/k5/j12,excitatory,1.0,0.08735898039093747,0.08735898039093747,3801
diag/1,2,free,1004,L2/ori0/k7/j11,16035,371,INH/OFF/k5/j12,inhibitory,1.0,0.02622341734977235,-0.02622341734977235,3801
diag/1,2,free,1004,L2/ori0/k7/j11,16036,300,L4/ON/k4/j11,excitatory,1.0,0.0737678536636604,0.0737678536636604,3801
diag/1,2,free,1004,L2/ori0/k7/j11,16037,301,INH/ON/k4/j11,inhibitory,1.0,0.0926858186178944,-0.0926858186178944,3801
diag/1,2,free,1004,L2/ori0/k7/j11,16038,302,L4/OFF/k4/j11,excitatory,1.0,0.03658710490159216,0.03658710490159216,3801
diag/1,2,free,1004,L2/ori0/k7/j11,16039,303,INH/OFF/k4/j11,inhibitory,1.0,0.016206344205319217,-0.016206344205319217,3801
diag/1,2,free,1004,L2/ori0/k7/j11,16048,296,L4/ON/k4/j10,excitatory,1.0,0.03835402121340142,0.03835402121340142,3801
diag/1,2,free,1004,L2/ori0/k7/j11,16049,297,INH/ON/k4/j10,inhibitory,1.0,0.07854862642977166,-0.07854862642977166,3801
diag/1,2,free,1004,L2/ori0/k7/j11,16050,298,L4/OFF/k4/j10,excitatory,1.0,0.005611726741478496,0.005611726741478496,3801
diag/1,2,free,1004,L2/ori0/k7/j11,16051,299,INH/OFF/k4/j10,inhibitory,1.0,0.016224629372029887,-0.016224629372029887,3801
diag/1,2,free,1004,L2/ori0/k7/j11,16052,304,L4/ON/k4/j12,excitatory,1.0,0.08327552375048697,0.08327552375048697,3801
diag/1,2,free,1004,L2/ori0/k7/j11,16053,305,INH/ON/k4/j12,inhibitory,1.0,0.045693626959569855,-0.045693626959569855,3801
diag/1,2,free,1004,L2/ori0/k7/j11,16054,306,L4/OFF/k4/j12,excitatory,1.0,0.05088185866127036,0.05088185866127036,3801
diag/1,2,free,1004,L2/ori0/k7/j11,16055,307,INH/OFF/k4/j12,inhibitory,1.0,0.0907023765507078,-0.0907023765507078,3801
diag/1,2,free,1004,L2/ori0/k7/j11,16058,358,L4/OFF/k5/j9,excitatory,1.0,0.023763658057227077,0.023763658057227077,3801
diag/1,2,free,1004,L2/ori0/k7/j11,16059,359,INH/OFF/k5/j9,inhibitory,1.0,0.02727529443610638,-0.02727529443610638,3801
diag/1,2,free,1004,L2/ori0/k7/j11,16062,374,L4/OFF/k5/j13,excitatory,1.0,0.050775173954027565,0.050775173954027565,3801
diag/1,2,free,1004,L2/ori0/k7/j11,16063,375,INH/OFF/k5/j13,inhibitory,1.0,0.01918085624193388,-0.01918085624193388,3801
diag/1,2,free,1006,L2/ori90/k7/j11,16066,494,L4/OFF/k7/j11,excitatory,1.0,0.08063031144492945,0.08063031144492945,3801
diag/1,2,free,1006,L2/ori90/k7/j11,16067,495,INH/OFF/k7/j11,inhibitory,1.0,0.06671939494683193,-0.06671939494683193,3801
diag/1,2,free,1006,L2/ori90/k7/j11,16068,428,L4/ON/k6/j11,excitatory,1.0,0.0659276236084689,0.0659276236084689,3801
diag/1,2,free,1006,L2/ori90/k7/j11,16069,429,INH/ON/k6/j11,inhibitory,1.0,0.0013157894733379504,-0.0013157894733379504,3801
diag/1,2,free,1006,L2/ori90/k7/j11,16070,430,L4/OFF/k6/j11,excitatory,1.0,0.0889682130842453,0.0889682130842453,3801
diag/1,2,free,1006,L2/ori90/k7/j11,16071,431,INH/OFF/k6/j11,inhibitory,1.0,0.06560984881628927,-0.06560984881628927,3801
diag/1,2,free,1006,L2/ori90/k7/j11,16080,424,L4/ON/k6/j10,excitatory,1.0,0.11211662194924085,0.11211662194924085,3801
diag/1,2,free,1006,L2/ori90/k7/j11,16081,425,INH/ON/k6/j10,inhibitory,1.0,0.07380319440243267,-0.07380319440243267,3801
diag/1,2,free,1006,L2/ori90/k7/j11,16082,426,L4/OFF/k6/j10,excitatory,1.0,0.0946111677481062,0.0946111677481062,3801
diag/1,2,free,1006,L2/ori90/k7/j11,16083,427,INH/OFF/k6/j10,inhibitory,1.0,0.09433114149696419,-0.09433114149696419,3801
diag/1,2,free,1006,L2/ori90/k7/j11,16084,432,L4/ON/k6/j12,excitatory,1.0,0.025380165336594564,0.025380165336594564,3801
diag/1,2,free,1006,L2/ori90/k7/j11,16085,433,INH/ON/k6/j12,inhibitory,1.0,0.06837895293373598,-0.06837895293373598,3801
diag/1,2,free,1006,L2/ori90/k7/j11,16086,434,L4/OFF/k6/j12,excitatory,1.0,0.08427249715166697,0.08427249715166697,3801
diag/1,2,free,1006,L2/ori90/k7/j11,16087,435,INH/OFF/k6/j12,inhibitory,1.0,0.05684683676595285,-0.05684683676595285,3801
diag/1,2,free,1006,L2/ori90/k7/j11,16088,364,L4/ON/k5/j11,excitatory,1.0,0.11591417246910571,0.11591417246910571,3801
diag/1,2,free,1006,L2/ori90/k7/j11,16089,365,INH/ON/k5/j11,inhibitory,1.0,0.031607280871162345,-0.031607280871162345,3801
diag/1,2,free,1006,L2/ori90/k7/j11,16090,366,L4/OFF/k5/j11,excitatory,1.0,0.0745918572779101,0.0745918572779101,3801
diag/1,2,free,1006,L2/ori90/k7/j11,16091,367,INH/OFF/k5/j11,inhibitory,1.0,0.021247221487295187,-0.021247221487295187,3801
diag/1,2,free,1006,L2/ori90/k7/j11,16092,360,L4/ON/k5/j10,excitatory,1.0,0.0820018944531819,0.0820018944531819,3801
diag/1,2,free,1006,L2/ori90/k7/j11,16093,361,INH/ON/k5/j10,inhibitory,1.0,0.03681497032445888,-0.03681497032445888,3801
diag/1,2,free,1006,L2/ori90/k7/j11,16094,362,L4/OFF/k5/j10,excitatory,1.0,0.02889365662659133,0.02889365662659133,3801
diag/1,2,free,1006,L2/ori90/k7/j11,16095,363,INH/OFF/k5/j10,inhibitory,1.0,0.01786151809097337,-0.01786151809097337,3801
diag/1,2,free,1006,L2/ori90/k7/j11,16096,368,L4/ON/k5/j12,excitatory,1.0,0.08344689505093632,0.08344689505093632,3801
diag/1,2,free,1006,L2/ori90/k7/j11,16097,369,INH/ON/k5/j12,inhibitory,1.0,0.061293282937939134,-0.061293282937939134,3801
diag/1,2,free,1006,L2/ori90/k7/j11,16098,370,L4/OFF/k5/j12,excitatory,1.0,0.0733473863768069,0.0733473863768069,3801
diag/1,2,free,1006,L2/ori90/k7/j11,16099,371,INH/OFF/k5/j12,inhibitory,1.0,0.0239143522950937,-0.0239143522950937,3801
diag/1,2,free,1006,L2/ori90/k7/j11,16100,300,L4/ON/k4/j11,excitatory,1.0,0.10506893017521929,0.10506893017521929,3801
diag/1,2,free,1006,L2/ori90/k7/j11,16101,301,INH/ON/k4/j11,inhibitory,1.0,0.004990847363190269,-0.004990847363190269,3801
diag/1,2,free,1006,L2/ori90/k7/j11,16102,302,L4/OFF/k4/j11,excitatory,1.0,0.06709158183750515,0.06709158183750515,3801
diag/1,2,free,1006,L2/ori90/k7/j11,16103,303,INH/OFF/k4/j11,inhibitory,1.0,0.016168225868415643,-0.016168225868415643,3801
diag/1,2,free,1006,L2/ori90/k7/j11,16112,296,L4/ON/k4/j10,excitatory,1.0,0.11201239707331387,0.11201239707331387,3801
diag/1,2,free,1006,L2/ori90/k7/j11,16113,297,INH/ON/k4/j10,inhibitory,1.0,0.021472165953441043,-0.021472165953441043,3801
diag/1,2,free,1006,L2/ori90/k7/j11,16114,298,L4/OFF/k4/j10,excitatory,1.0,0.06765221954819368,0.06765221954819368,3801
diag/1,2,free,1006,L2/ori90/k7/j11,16115,299,INH/OFF/k4/j10,inhibitory,1.0,0.06646954475554588,-0.06646954475554588,3801
diag/1,2,free,1006,L2/ori90/k7/j11,16116,304,L4/ON/k4/j12,excitatory,1.0,0.04878614879334397,0.04878614879334397,3801
diag/1,2,free,1006,L2/ori90/k7/j11,16117,305,INH/ON/k4/j12,inhibitory,1.0,0.07768978616591708,-0.07768978616591708,3801
diag/1,2,free,1006,L2/ori90/k7/j11,16118,306,L4/OFF/k4/j12,excitatory,1.0,0.00798431808309115,0.00798431808309115,3801
diag/1,2,free,1006,L2/ori90/k7/j11,16119,307,INH/OFF/k4/j12,inhibitory,1.0,0.08937042202555384,-0.08937042202555384,3801
diag/1,2,free,1006,L2/ori90/k7/j11,16122,358,L4/OFF/k5/j9,excitatory,1.0,0.033340281648979765,0.033340281648979765,3801
diag/1,2,free,1006,L2/ori90/k7/j11,16123,359,INH/OFF/k5/j9,inhibitory,1.0,0.021244861809971247,-0.021244861809971247,3801
diag/1,2,free,1006,L2/ori90/k7/j11,16126,374,L4/OFF/k5/j13,excitatory,1.0,0.0,0.0,3801
diag/1,2,free,1006,L2/ori90/k7/j11,16127,375,INH/OFF/k5/j13,inhibitory,1.0,0.05151096501480323,-0.05151096501480323,3801
diag/1,2,free,1008,L2/ori0/k7/j12,16132,432,L4/ON/k6/j12,excitatory,1.0,0.10245899026017323,0.10245899026017323,3801
diag/1,2,free,1008,L2/ori0/k7/j12,16133,433,INH/ON/k6/j12,inhibitory,1.0,0.05950571180687578,-0.05950571180687578,3801
diag/1,2,free,1008,L2/ori0/k7/j12,16134,434,L4/OFF/k6/j12,excitatory,1.0,0.06883163489415324,0.06883163489415324,3801
diag/1,2,free,1008,L2/ori0/k7/j12,16135,435,INH/OFF/k6/j12,inhibitory,1.0,0.01829522727296841,-0.01829522727296841,3801
diag/1,2,free,1008,L2/ori0/k7/j12,16142,494,L4/OFF/k7/j11,excitatory,1.0,0.023506319270004877,0.023506319270004877,3801
diag/1,2,free,1008,L2/ori0/k7/j12,16143,495,INH/OFF/k7/j11,inhibitory,1.0,0.07160798276224131,-0.07160798276224131,3801
diag/1,2,free,1008,L2/ori0/k7/j12,16148,428,L4/ON/k6/j11,excitatory,1.0,0.10910203908026683,0.10910203908026683,3801
diag/1,2,free,1008,L2/ori0/k7/j12,16149,429,INH/ON/k6/j11,inhibitory,1.0,0.0688967667387305,-0.0688967667387305,3801
diag/1,2,free,1008,L2/ori0/k7/j12,16150,430,L4/OFF/k6/j11,excitatory,1.0,0.04806587468013107,0.04806587468013107,3801
diag/1,2,free,1008,L2/ori0/k7/j12,16151,431,INH/OFF/k6/j11,inhibitory,1.0,0.0010416666664496527,-0.0010416666664496527,3801
diag/1,2,free,1008,L2/ori0/k7/j12,16152,368,L4/ON/k5/j12,excitatory,1.0,0.017665248652985414,0.017665248652985414,3801
diag/1,2,free,1008,L2/ori0/k7/j12,16153,369,INH/ON/k5/j12,inhibitory,1.0,0.06773649355945831,-0.06773649355945831,3801
diag/1,2,free,1008,L2/ori0/k7/j12,16154,370,L4/OFF/k5/j12,excitatory,1.0,0.06941160763255452,0.06941160763255452,3801
diag/1,2,free,1008,L2/ori0/k7/j12,16155,371,INH/OFF/k5/j12,inhibitory,1.0,0.05524307133922027,-0.05524307133922027,3801
diag/1,2,free,1008,L2/ori0/k7/j12,16158,374,L4/OFF/k5/j13,excitatory,1.0,0.0016181303487103353,0.0016181303487103353,3801
diag/1,2,free,1008,L2/ori0/k7/j12,16159,375,INH/OFF/k5/j13,inhibitory,1.0,0.037898024909231325,-0.037898024909231325,3801
diag/1,2,free,1008,L2/ori0/k7/j12,16160,364,L4/ON/k5/j11,excitatory,1.0,0.0060478774448752826,0.0060478774448752826,3801
diag/1,2,free,1008,L2/ori0/k7/j12,16161,365,INH/ON/k5/j11,inhibitory,1.0,0.01596106984313236,-0.01596106984313236,3801
diag/1,2,free,1008,L2/ori0/k7/j12,16162,366,L4/OFF/k5/j11,excitatory,1.0,0.10416223716100936,0.10416223716100936,3801
diag/1,2,free,1008,L2/ori0/k7/j12,16163,367,INH/OFF/k5/j11,inhibitory,1.0,0.026390822331419116,-0.026390822331419116,3801
diag/1,2,free,1008,L2/ori0/k7/j12,16164,304,L4/ON/k4/j12,excitatory,1.0,0.06467589635563575,0.06467589635563575,3801
diag/1,2,free,1008,L2/ori0/k7/j12,16165,305,INH/ON/k4/j12,inhibitory,1.0,0.006762936517620231,-0.006762936517620231,3801
diag/1,2,free,1008,L2/ori0/k7/j12,16166,306,L4/OFF/k4/j12,excitatory,1.0,0.08882805658416883,0.08882805658416883,3801
diag/1,2,free,1008,L2/ori0/k7/j12,16167,307,INH/OFF/k4/j12,inhibitory,1.0,0.0031594161886434923,-0.0031594161886434923,3801
diag/1,2,free,1008,L2/ori0/k7/j12,16172,424,L4/ON/k6/j10,excitatory,1.0,0.08273293008647478,0.08273293008647478,3801
diag/1,2,free,1008,L2/ori0/k7/j12,16173,425,INH/ON/k6/j10,inhibitory,1.0,0.056725315505544355,-0.056725315505544355,3801
diag/1,2,free,1008,L2/ori0/k7/j12,16174,426,L4/OFF/k6/j10,excitatory,1.0,0.1244846462699451,0.1244846462699451,3801
diag/1,2,free,1008,L2/ori0/k7/j12,16175,427,INH/OFF/k6/j10,inhibitory,1.0,0.07254390465970456,-0.07254390465970456,3801
diag/1,2,free,1008,L2/ori0/k7/j12,16178,310,L4/OFF/k4/j13,excitatory,1.0,0.06513322868148591,0.06513322868148591,3801
diag/1,2,free,1008,L2/ori0/k7/j12,16179,311,INH/OFF/k4/j13,inhibitory,1.0,0.0466427354551165,-0.0466427354551165,3801
diag/1,2,free,1008,L2/ori0/k7/j12,16180,300,L4/ON/k4/j11,excitatory,1.0,0.02525105411127017,0.02525105411127017,3801
diag/1,2,free,1008,L2/ori0/k7/j12,16181,301,INH/ON/k4/j11,inhibitory,1.0,0.09327455369262388,-0.09327455369262388,3801
diag/1,2,free,1008,L2/ori0/k7/j12,16182,302,L4/OFF/k4/j11,excitatory,1.0,0.005538673186152822,0.005538673186152822,3801
diag/1,2,free,1008,L2/ori0/k7/j12,16183,303,INH/OFF/k4/j11,inhibitory,1.0,0.019239603449934892,-0.019239603449934892,3801
diag/1,2,free,1008,L2/ori0/k7/j12,16184,360,L4/ON/k5/j10,excitatory,1.0,0.07109535735349971,0.07109535735349971,3801
diag/1,2,free,1008,L2/ori0/k7/j12,16185,361,INH/ON/k5/j10,inhibitory,1.0,0.08231090204625123,-0.08231090204625123,3801
diag/1,2,free,1008,L2/ori0/k7/j12,16186,362,L4/OFF/k5/j10,excitatory,1.0,0.018034733054650445,0.018034733054650445,3801
diag/1,2,free,1008,L2/ori0/k7/j12,16187,363,INH/OFF/k5/j10,inhibitory,1.0,0.025092594509183996,-0.025092594509183996,3801
diag/1,2,free,1010,L2/ori90/k7/j12,16196,432,L4/ON/k6/j12,excitatory,1.0,0.054288681674295194,0.054288681674295194,3801
diag/1,2,free,1010,L2/ori90/k7/j12,16197,433,INH/ON/k6/j12,inhibitory,1.0,0.07329883456842654,-0.07329883456842654,3801
diag/1,2,free,1010,L2/ori90/k7/j12,16198,434,L4/OFF/k6/j12,excitatory,1.0,0.07579328342889846,0.07579328342889846,3801
diag/1,2,free,1010,L2/ori90/k7/j12,16199,435,INH/OFF/k6/j12,inhibitory,1.0,0.06130229666508651,-0.06130229666508651,3801
diag/1,2,free,1010,L2/ori90/k7/j12,16206,494,L4/OFF/k7/j11,excitatory,1.0,0.028988663190365367,0.028988663190365367,3801
diag/1,2,free,1010,L2/ori90/k7/j12,16207,495,INH/OFF/k7/j11,inhibitory,1.0,0.005406501681358973,-0.005406501681358973,3801
diag/1,2,free,1010,L2/ori90/k7/j12,16212,428,L4/ON/k6/j11,excitatory,1.0,0.09548022115413489,0.09548022115413489,3801
diag/1,2,free,1010,L2/ori90/k7/j12,16213,429,INH/ON/k6/j11,inhibitory,1.0,0.04153094145416957,-0.04153094145416957,3801
diag/1,2,free,1010,L2/ori90/k7/j12,16214,430,L4/OFF/k6/j11,excitatory,1.0,0.04430466578835192,0.04430466578835192,3801
diag/1,2,free,1010,L2/ori90/k7/j12,16215,431,INH/OFF/k6/j11,inhibitory,1.0,0.04275567537675569,-0.04275567537675569,3801
diag/1,2,free,1010,L2/ori90/k7/j12,16216,368,L4/ON/k5/j12,excitatory,1.0,0.08064816973552741,0.08064816973552741,3801
diag/1,2,free,1010,L2/ori90/k7/j12,16217,369,INH/ON/k5/j12,inhibitory,1.0,0.012904094217538947,-0.012904094217538947,3801
diag/1,2,free,1010,L2/ori90/k7/j12,16218,370,L4/OFF/k5/j12,excitatory,1.0,0.05793994934577588,0.05793994934577588,3801
diag/1,2,free,1010,L2/ori90/k7/j12,16219,371,INH/OFF/k5/j12,inhibitory,1.0,0.02231780417640778,-0.02231780417640778,3801
diag/1,2,free,1010,L2/ori90/k7/j12,16222,374,L4/OFF/k5/j13,excitatory,1.0,0.032038144217321145,0.032038144217321145,3801
diag/1,2,free,1010,L2/ori90/k7/j12,16223,375,INH/OFF/k5/j13,inhibitory,1.0,0.022276045229140812,-0.022276045229140812,3801
diag/1,2,free,1010,L2/ori90/k7/j12,16224,364,L4/ON/k5/j11,excitatory,1.0,0.09665592021967208,0.09665592021967208,3801
diag/1,2,free,1010,L2/ori90/k7/j12,16225,365,INH/ON/k5/j11,inhibitory,1.0,0.06125058173002071,-0.06125058173002071,3801
diag/1,2,free,1010,L2/ori90/k7/j12,16226,366,L4/OFF/k5/j11,excitatory,1.0,0.07279461034337528,0.07279461034337528,3801
diag/1,2,free,1010,L2/ori90/k7/j12,16227,367,INH/OFF/k5/j11,inhibitory,1.0,0.11915140542497304,-0.11915140542497304,3801
diag/1,2,free,1010,L2/ori90/k7/j12,16228,304,L4/ON/k4/j12,excitatory,1.0,0.11705266573269799,0.11705266573269799,3801
diag/1,2,free,1010,L2/ori90/k7/j12,16229,305,INH/ON/k4/j12,inhibitory,1.0,0.031209430481876466,-0.031209430481876466,3801
diag/1,2,free,1010,L2/ori90/k7/j12,16230,306,L4/OFF/k4/j12,excitatory,1.0,0.0891525005463424,0.0891525005463424,3801
diag/1,2,free,1010,L2/ori90/k7/j12,16231,307,INH/OFF/k4/j12,inhibitory,1.0,0.012499175262840442,-0.012499175262840442,3801
diag/1,2,free,1010,L2/ori90/k7/j12,16236,424,L4/ON/k6/j10,excitatory,1.0,0.04112324652434835,0.04112324652434835,3801
diag/1,2,free,1010,L2/ori90/k7/j12,16237,425,INH/ON/k6/j10,inhibitory,1.0,0.054335981577611436,-0.054335981577611436,3801
diag/1,2,free,1010,L2/ori90/k7/j12,16238,426,L4/OFF/k6/j10,excitatory,1.0,0.002717709561433768,0.002717709561433768,3801
diag/1,2,free,1010,L2/ori90/k7/j12,16239,427,INH/OFF/k6/j10,inhibitory,1.0,0.028461929371855155,-0.028461929371855155,3801
diag/1,2,free,1010,L2/ori90/k7/j12,16242,310,L4/OFF/k4/j13,excitatory,1.0,0.09511461329589255,0.09511461329589255,3801
diag/1,2,free,1010,L2/ori90/k7/j12,16243,311,INH/OFF/k4/j13,inhibitory,1.0,0.015280944427503981,-0.015280944427503981,3801
diag/1,2,free,1010,L2/ori90/k7/j12,16244,300,L4/ON/k4/j11,excitatory,1.0,0.022006380579507875,0.022006380579507875,3801
diag/1,2,free,1010,L2/ori90/k7/j12,16245,301,INH/ON/k4/j11,inhibitory,1.0,0.07648312990755723,-0.07648312990755723,3801
diag/1,2,free,1010,L2/ori90/k7/j12,16246,302,L4/OFF/k4/j11,excitatory,1.0,0.029682333542740615,0.029682333542740615,3801
diag/1,2,free,1010,L2/ori90/k7/j12,16247,303,INH/OFF/k4/j11,inhibitory,1.0,0.09132243768806887,-0.09132243768806887,3801
diag/1,2,free,1010,L2/ori90/k7/j12,16248,360,L4/ON/k5/j10,excitatory,1.0,0.048836235937535485,0.048836235937535485,3801
diag/1,2,free,1010,L2/ori90/k7/j12,16249,361,INH/ON/k5/j10,inhibitory,1.0,0.04525388926050855,-0.04525388926050855,3801
diag/1,2,free,1010,L2/ori90/k7/j12,16250,362,L4/OFF/k5/j10,excitatory,1.0,0.038083220749947924,0.038083220749947924,3801
diag/1,2,free,1010,L2/ori90/k7/j12,16251,363,INH/OFF/k5/j10,inhibitory,1.0,0.029187800907316933,-0.029187800907316933,3801
diag/1,2,free,1012,L2/ori0/k7/j13,16272,432,L4/ON/k6/j12,excitatory,1.0,0.0521067162409851,0.0521067162409851,3801
diag/1,2,free,1012,L2/ori0/k7/j13,16273,433,INH/ON/k6/j12,inhibitory,1.0,0.004020676028235132,-0.004020676028235132,3801
diag/1,2,free,1012,L2/ori0/k7/j13,16274,434,L4/OFF/k6/j12,excitatory,1.0,0.08131584058594259,0.08131584058594259,3801
diag/1,2,free,1012,L2/ori0/k7/j13,16275,435,INH/OFF/k6/j12,inhibitory,1.0,0.0,-0.0,3801
diag/1,2,free,1012,L2/ori0/k7/j13,16282,374,L4/OFF/k5/j13,excitatory,1.0,0.08432352055184772,0.08432352055184772,3801
diag/1,2,free,1012,L2/ori0/k7/j13,16283,375,INH/OFF/k5/j13,inhibitory,1.0,0.010393734329608106,-0.010393734329608106,3801
diag/1,2,free,1012,L2/ori0/k7/j13,16284,368,L4/ON/k5/j12,excitatory,1.0,0.0070612135937688225,0.0070612135937688225,3801
diag/1,2,free,1012,L2/ori0/k7/j13,16285,369,INH/ON/k5/j12,inhibitory,1.0,0.01144721513346969,-0.01144721513346969,3801
diag/1,2,free,1012,L2/ori0/k7/j13,16286,370,L4/OFF/k5/j12,excitatory,1.0,0.07359136693881699,0.07359136693881699,3801
diag/1,2,free,1012,L2/ori0/k7/j13,16287,371,INH/OFF/k5/j12,inhibitory,1.0,0.02066908735061665,-0.02066908735061665,3801
diag/1,2,free,1012,L2/ori0/k7/j13,16294,310,L4/OFF/k4/j13,excitatory,1.0,0.033968137078581484,0.033968137078581484,3801
diag/1,2,free,1012,L2/ori0/k7/j13,16295,311,INH/OFF/k4/j13,inhibitory,1.0,0.06277060575550823,-0.06277060575550823,3801
diag/1,2,free,1012,L2/ori0/k7/j13,16300,428,L4/ON/k6/j11,excitatory,1.0,0.04724804695642481,0.04724804695642481,3801
diag/1,2,free,1012,L2/ori0/k7/j13,16301,429,INH/ON/k6/j11,inhibitory,1.0,0.032148367634752935,-0.032148367634752935,3801
diag/1,2,free,1012,L2/ori0/k7/j13,16302,430,L4/OFF/k6/j11,excitatory,1.0,0.09753962840815492,0.09753962840815492,3801
diag/1,2,free,1012,L2/ori0/k7/j13,16303,431,INH/OFF/k6/j11,inhibitory,1.0,0.028222557109158344,-0.028222557109158344,3801
diag/1,2,free,1012,L2/ori0/k7/j13,16304,304,L4/ON/k4/j12,excitatory,1.0,0.006251684639289646,0.006251684639289646,3801
diag/1,2,free,1012,L2/ori0/k7/j13,16305,305,INH/ON/k4/j12,inhibitory,1.0,0.09071890122803236,-0.09071890122803236,3801
diag/1,2,free,1012,L2/ori0/k7/j13,16306,306,L4/OFF/k4/j12,excitatory,1.0,0.003758304632889564,0.003758304632889564,3801
diag/1,2,free,1012,L2/ori0/k7/j13,16307,307,INH/OFF/k4/j12,inhibitory,1.0,0.07795334314228408,-0.07795334314228408,3801
diag/1,2,free,1012,L2/ori0/k7/j13,16310,314,L4/OFF/k4/j14,excitatory,1.0,0.055253291936443974,0.055253291936443974,3801
diag/1,2,free,1012,L2/ori0/k7/j13,16311,315,INH/OFF/k4/j14,inhibitory,1.0,0.08752306599691564,-0.08752306599691564,3801
diag/1,2,free,1012,L2/ori0/k7/j13,16312,364,L4/ON/k5/j11,excitatory,1.0,0.03296984917199167,0.03296984917199167,3801
diag/1,2,free,1012,L2/ori0/k7/j13,16313,365,INH/ON/k5/j11,inhibitory,1.0,0.016510892936780774,-0.016510892936780774,3801
diag/1,2,free,1012,L2/ori0/k7/j13,16314,366,L4/OFF/k5/j11,excitatory,1.0,0.04320815117017609,0.04320815117017609,3801
diag/1,2,free,1012,L2/ori0/k7/j13,16315,367,INH/OFF/k5/j11,inhibitory,1.0,0.03923972005743088,-0.03923972005743088,3801
diag/1,2,free,1014,L2/ori90/k7/j13,16336,432,L4/ON/k6/j12,excitatory,1.0,0.07288513835523694,0.07288513835523694,3801
diag/1,2,free,1014,L2/ori90/k7/j13,16337,433,INH/ON/k6/j12,inhibitory,1.0,0.04229807154212648,-0.04229807154212648,3801
diag/1,2,free,1014,L2/ori90/k7/j13,16338,434,L4/OFF/k6/j12,excitatory,1.0,0.07008159462423616,0.07008159462423616,3801
diag/1,2,free,1014,L2/ori90/k7/j13,16339,435,INH/OFF/k6/j12,inhibitory,1.0,0.0701374787553968,-0.0701374787553968,3801
diag/1,2,free,1014,L2/ori90/k7/j13,16346,374,L4/OFF/k5/j13,excitatory,1.0,0.056185241408844226,0.056185241408844226,3801
diag/1,2,free,1014,L2/ori90/k7/j13,16347,375,INH/OFF/k5/j13,inhibitory,1.0,0.023696653403846923,-0.023696653403846923,3801
diag/1,2,free,1014,L2/ori90/k7/j13,16348,368,L4/ON/k5/j12,excitatory,1.0,0.0,0.0,3801
diag/1,2,free,1014,L2/ori90/k7/j13,16349,369,INH/ON/k5/j12,inhibitory,1.0,0.07162457309512421,-0.07162457309512421,3801
diag/1,2,free,1014,L2/ori90/k7/j13,16350,370,L4/OFF/k5/j12,excitatory,1.0,0.0009851016425558557,0.0009851016425558557,3801
diag/1,2,free,1014,L2/ori90/k7/j13,16351,371,INH/OFF/k5/j12,inhibitory,1.0,0.06316883841027775,-0.06316883841027775,3801
diag/1,2,free,1014,L2/ori90/k7/j13,16358,310,L4/OFF/k4/j13,excitatory,1.0,0.028192188948847247,0.028192188948847247,3801
diag/1,2,free,1014,L2/ori90/k7/j13,16359,311,INH/OFF/k4/j13,inhibitory,1.0,0.03002108223846896,-0.03002108223846896,3801
diag/1,2,free,1014,L2/ori90/k7/j13,16364,428,L4/ON/k6/j11,excitatory,1.0,0.08484820942690403,0.08484820942690403,3801
diag/1,2,free,1014,L2/ori90/k7/j13,16365,429,INH/ON/k6/j11,inhibitory,1.0,0.024289965436061208,-0.024289965436061208,3801
diag/1,2,free,1014,L2/ori90/k7/j13,16366,430,L4/OFF/k6/j11,excitatory,1.0,0.032148948517621664,0.032148948517621664,3801
diag/1,2,free,1014,L2/ori90/k7/j13,16367,431,INH/OFF/k6/j11,inhibitory,1.0,0.029271177152722462,-0.029271177152722462,3801
diag/1,2,free,1014,L2/ori90/k7/j13,16368,304,L4/ON/k4/j12,excitatory,1.0,0.035557186762108534,0.035557186762108534,3801
diag/1,2,free,1014,L2/ori90/k7/j13,16369,305,INH/ON/k4/j12,inhibitory,1.0,0.0961983450582831,-0.0961983450582831,3801
diag/1,2,free,1014,L2/ori90/k7/j13,16370,306,L4/OFF/k4/j12,excitatory,1.0,0.012773953161690386,0.012773953161690386,3801
diag/1,2,free,1014,L2/ori90/k7/j13,16371,307,INH/OFF/k4/j12,inhibitory,1.0,0.025557252507051025,-0.025557252507051025,3801
diag/1,2,free,1014,L2/ori90/k7/j13,16374,314,L4/OFF/k4/j14,excitatory,1.0,0.005134780222720504,0.005134780222720504,3801
diag/1,2,free,1014,L2/ori90/k7/j13,16375,315,INH/OFF/k4/j14,inhibitory,1.0,0.056186815721228835,-0.056186815721228835,3801
diag/1,2,free,1014,L2/ori90/k7/j13,16376,364,L4/ON/k5/j11,excitatory,1.0,0.0,0.0,3801
diag/1,2,free,1014,L2/ori90/k7/j13,16377,365,INH/ON/k5/j11,inhibitory,1.0,0.021964166411167423,-0.021964166411167423,3801
diag/1,2,free,1014,L2/ori90/k7/j13,16378,366,L4/OFF/k5/j11,excitatory,1.0,0.0753844951535556,0.0753844951535556,3801
diag/1,2,free,1014,L2/ori90/k7/j13,16379,367,INH/OFF/k5/j11,inhibitory,1.0,0.0703782113015978,-0.0703782113015978,3801
diag/2,2,free,1004,L2/ori0/k7/j11,16012,496,L4/ON/k7/j12,excitatory,1.0,0.11209762339224091,0.11209762339224091,3801
diag/2,2,free,1004,L2/ori0/k7/j11,16013,497,INH/ON/k7/j12,inhibitory,1.0,0.008792443690650053,-0.008792443690650053,3801
diag/2,2,free,1004,L2/ori0/k7/j11,16014,498,L4/OFF/k7/j12,excitatory,1.0,0.06734563770445767,0.06734563770445767,3801
diag/2,2,free,1004,L2/ori0/k7/j11,16015,499,INH/OFF/k7/j12,inhibitory,1.0,0.022391005999712964,-0.022391005999712964,3801
diag/2,2,free,1004,L2/ori0/k7/j11,16020,432,L4/ON/k6/j12,excitatory,1.0,0.08127804763219887,0.08127804763219887,3801
diag/2,2,free,1004,L2/ori0/k7/j11,16021,433,INH/ON/k6/j12,inhibitory,1.0,0.010531815283174194,-0.010531815283174194,3801
diag/2,2,free,1004,L2/ori0/k7/j11,16022,434,L4/OFF/k6/j12,excitatory,1.0,0.07321331492439266,0.07321331492439266,3801
diag/2,2,free,1004,L2/ori0/k7/j11,16023,435,INH/OFF/k6/j12,inhibitory,1.0,0.00026866515817543213,-0.00026866515817543213,3801
diag/2,2,free,1004,L2/ori0/k7/j11,16032,368,L4/ON/k5/j12,excitatory,1.0,0.06268385464707629,0.06268385464707629,3801
diag/2,2,free,1004,L2/ori0/k7/j11,16033,369,INH/ON/k5/j12,inhibitory,1.0,0.02494664585067096,-0.02494664585067096,3801
diag/2,2,free,1004,L2/ori0/k7/j11,16040,436,L4/ON/k6/j13,excitatory,1.0,0.05805572246043244,0.05805572246043244,3801
diag/2,2,free,1004,L2/ori0/k7/j11,16041,437,INH/ON/k6/j13,inhibitory,1.0,0.04626181967660645,-0.04626181967660645,3801
diag/2,2,free,1004,L2/ori0/k7/j11,16042,438,L4/OFF/k6/j13,excitatory,1.0,0.03780063073294782,0.03780063073294782,3801
diag/2,2,free,1004,L2/ori0/k7/j11,16043,439,INH/OFF/k6/j13,inhibitory,1.0,0.0006534986406311638,-0.0006534986406311638,3801
diag/2,2,free,1004,L2/ori0/k7/j11,16052,304,L4/ON/k4/j12,excitatory,1.0,0.08327552375048697,0.08327552375048697,3801
diag/2,2,free,1004,L2/ori0/k7/j11,16053,305,INH/ON/k4/j12,inhibitory,1.0,0.045693626959569855,-0.045693626959569855,3801
diag/2,2,free,1004,L2/ori0/k7/j11,16060,372,L4/ON/k5/j13,excitatory,1.0,0.017677599115918173,0.017677599115918173,3801
diag/2,2,free,1004,L2/ori0/k7/j11,16061,373,INH/ON/k5/j13,inhibitory,1.0,0.044884949033059146,-0.044884949033059146,3801
diag/2,2,free,1004,L2/ori0/k7/j11,16062,374,L4/OFF/k5/j13,excitatory,1.0,0.050775173954027565,0.050775173954027565,3801
diag/2,2,free,1004,L2/ori0/k7/j11,16063,375,INH/OFF/k5/j13,inhibitory,1.0,0.01918085624193388,-0.01918085624193388,3801
diag/2,2,free,1006,L2/ori90/k7/j11,16076,496,L4/ON/k7/j12,excitatory,1.0,0.0645119016909063,0.0645119016909063,3801
diag/2,2,free,1006,L2/ori90/k7/j11,16077,497,INH/ON/k7/j12,inhibitory,1.0,0.06628124758496698,-0.06628124758496698,3801
diag/2,2,free,1006,L2/ori90/k7/j11,16078,498,L4/OFF/k7/j12,excitatory,1.0,0.08055782160400621,0.08055782160400621,3801
diag/2,2,free,1006,L2/ori90/k7/j11,16079,499,INH/OFF/k7/j12,inhibitory,1.0,0.027186702364468976,-0.027186702364468976,3801
diag/2,2,free,1006,L2/ori90/k7/j11,16084,432,L4/ON/k6/j12,excitatory,1.0,0.025380165336594564,0.025380165336594564,3801
diag/2,2,free,1006,L2/ori90/k7/j11,16085,433,INH/ON/k6/j12,inhibitory,1.0,0.06837895293373598,-0.06837895293373598,3801
diag/2,2,free,1006,L2/ori90/k7/j11,16086,434,L4/OFF/k6/j12,excitatory,1.0,0.08427249715166697,0.08427249715166697,3801
diag/2,2,free,1006,L2/ori90/k7/j11,16087,435,INH/OFF/k6/j12,inhibitory,1.0,0.05684683676595285,-0.05684683676595285,3801
diag/2,2,free,1006,L2/ori90/k7/j11,16096,368,L4/ON/k5/j12,excitatory,1.0,0.08344689505093632,0.08344689505093632,3801
diag/2,2,free,1006,L2/ori90/k7/j11,16097,369,INH/ON/k5/j12,inhibitory,1.0,0.061293282937939134,-0.061293282937939134,3801
diag/2,2,free,1006,L2/ori90/k7/j11,16104,436,L4/ON/k6/j13,excitatory,1.0,0.03382935291632196,0.03382935291632196,3801
diag/2,2,free,1006,L2/ori90/k7/j11,16105,437,INH/ON/k6/j13,inhibitory,1.0,0.08815626785960802,-0.08815626785960802,3801
diag/2,2,free,1006,L2/ori90/k7/j11,16106,438,L4/OFF/k6/j13,excitatory,1.0,0.02545725350003384,0.02545725350003384,3801
diag/2,2,free,1006,L2/ori90/k7/j11,16107,439,INH/OFF/k6/j13,inhibitory,1.0,0.061329386845928494,-0.061329386845928494,3801
diag/2,2,free,1006,L2/ori90/k7/j11,16116,304,L4/ON/k4/j12,excitatory,1.0,0.04878614879334397,0.04878614879334397,3801
diag/2,2,free,1006,L2/ori90/k7/j11,16117,305,INH/ON/k4/j12,inhibitory,1.0,0.07768978616591708,-0.07768978616591708,3801
diag/2,2,free,1006,L2/ori90/k7/j11,16124,372,L4/ON/k5/j13,excitatory,1.0,0.02017041161520533,0.02017041161520533,3801
diag/2,2,free,1006,L2/ori90/k7/j11,16125,373,INH/ON/k5/j13,inhibitory,1.0,0.061346829823161066,-0.061346829823161066,3801
diag/2,2,free,1006,L2/ori90/k7/j11,16126,374,L4/OFF/k5/j13,excitatory,1.0,0.0,0.0,3801
diag/2,2,free,1006,L2/ori90/k7/j11,16127,375,INH/OFF/k5/j13,inhibitory,1.0,0.05151096501480323,-0.05151096501480323,3801
diag/2,2,free,1008,L2/ori0/k7/j12,16128,496,L4/ON/k7/j12,excitatory,1.0,0.0847380808392577,0.0847380808392577,3801
diag/2,2,free,1008,L2/ori0/k7/j12,16129,497,INH/ON/k7/j12,inhibitory,1.0,0.004144161103700285,-0.004144161103700285,3801
diag/2,2,free,1008,L2/ori0/k7/j12,16130,498,L4/OFF/k7/j12,excitatory,1.0,0.10711548078926975,0.10711548078926975,3801
diag/2,2,free,1008,L2/ori0/k7/j12,16131,499,INH/OFF/k7/j12,inhibitory,1.0,0.06892904409109236,-0.06892904409109236,3801
diag/2,2,free,1008,L2/ori0/k7/j12,16132,432,L4/ON/k6/j12,excitatory,1.0,0.10245899026017323,0.10245899026017323,3801
diag/2,2,free,1008,L2/ori0/k7/j12,16133,433,INH/ON/k6/j12,inhibitory,1.0,0.05950571180687578,-0.05950571180687578,3801
diag/2,2,free,1008,L2/ori0/k7/j12,16134,434,L4/OFF/k6/j12,excitatory,1.0,0.06883163489415324,0.06883163489415324,3801
diag/2,2,free,1008,L2/ori0/k7/j12,16135,435,INH/OFF/k6/j12,inhibitory,1.0,0.01829522727296841,-0.01829522727296841,3801
diag/2,2,free,1008,L2/ori0/k7/j12,16136,500,L4/ON/k7/j13,excitatory,1.0,0.049947973347465674,0.049947973347465674,3801
diag/2,2,free,1008,L2/ori0/k7/j12,16137,501,INH/ON/k7/j13,inhibitory,1.0,0.03839050125540095,-0.03839050125540095,3801
diag/2,2,free,1008,L2/ori0/k7/j12,16138,502,L4/OFF/k7/j13,excitatory,1.0,0.07561028561151717,0.07561028561151717,3801
diag/2,2,free,1008,L2/ori0/k7/j12,16139,503,INH/OFF/k7/j13,inhibitory,1.0,0.054868457651089164,-0.054868457651089164,3801
diag/2,2,free,1008,L2/ori0/k7/j12,16144,436,L4/ON/k6/j13,excitatory,1.0,0.06988445515153363,0.06988445515153363,3801
diag/2,2,free,1008,L2/ori0/k7/j12,16145,437,INH/ON/k6/j13,inhibitory,1.0,0.02720921716024726,-0.02720921716024726,3801
diag/2,2,free,1008,L2/ori0/k7/j12,16146,438,L4/OFF/k6/j13,excitatory,1.0,0.02307374430297258,0.02307374430297258,3801
diag/2,2,free,1008,L2/ori0/k7/j12,16147,439,INH/OFF/k6/j13,inhibitory,1.0,0.010828993520835495,-0.010828993520835495,3801
diag/2,2,free,1008,L2/ori0/k7/j12,16152,368,L4/ON/k5/j12,excitatory,1.0,0.017665248652985414,0.017665248652985414,3801
diag/2,2,free,1008,L2/ori0/k7/j12,16153,369,INH/ON/k5/j12,inhibitory,1.0,0.06773649355945831,-0.06773649355945831,3801
diag/2,2,free,1008,L2/ori0/k7/j12,16156,372,L4/ON/k5/j13,excitatory,1.0,0.08550113617210528,0.08550113617210528,3801
diag/2,2,free,1008,L2/ori0/k7/j12,16157,373,INH/ON/k5/j13,inhibitory,1.0,0.06749457729183263,-0.06749457729183263,3801
diag/2,2,free,1008,L2/ori0/k7/j12,16158,374,L4/OFF/k5/j13,excitatory,1.0,0.0016181303487103353,0.0016181303487103353,3801
diag/2,2,free,1008,L2/ori0/k7/j12,16159,375,INH/OFF/k5/j13,inhibitory,1.0,0.037898024909231325,-0.037898024909231325,3801
diag/2,2,free,1008,L2/ori0/k7/j12,16164,304,L4/ON/k4/j12,excitatory,1.0,0.06467589635563575,0.06467589635563575,3801
diag/2,2,free,1008,L2/ori0/k7/j12,16165,305,INH/ON/k4/j12,inhibitory,1.0,0.006762936517620231,-0.006762936517620231,3801
diag/2,2,free,1008,L2/ori0/k7/j12,16168,440,L4/ON/k6/j14,excitatory,1.0,0.09031421567282602,0.09031421567282602,3801
diag/2,2,free,1008,L2/ori0/k7/j12,16169,441,INH/ON/k6/j14,inhibitory,1.0,0.06305006316032379,-0.06305006316032379,3801
diag/2,2,free,1008,L2/ori0/k7/j12,16170,442,L4/OFF/k6/j14,excitatory,1.0,0.0353563514762781,0.0353563514762781,3801
diag/2,2,free,1008,L2/ori0/k7/j12,16171,443,INH/OFF/k6/j14,inhibitory,1.0,0.04413225935535489,-0.04413225935535489,3801
diag/2,2,free,1008,L2/ori0/k7/j12,16176,308,L4/ON/k4/j13,excitatory,1.0,0.09545947366756781,0.09545947366756781,3801
diag/2,2,free,1008,L2/ori0/k7/j12,16177,309,INH/ON/k4/j13,inhibitory,1.0,0.02392008530514056,-0.02392008530514056,3801
diag/2,2,free,1008,L2/ori0/k7/j12,16188,376,L4/ON/k5/j14,excitatory,1.0,0.08233901607659169,0.08233901607659169,3801
diag/2,2,free,1008,L2/ori0/k7/j12,16189,377,INH/ON/k5/j14,inhibitory,1.0,0.08138312527371995,-0.08138312527371995,3801
diag/2,2,free,1008,L2/ori0/k7/j12,16190,378,L4/OFF/k5/j14,excitatory,1.0,0.011705721403772353,0.011705721403772353,3801
diag/2,2,free,1008,L2/ori0/k7/j12,16191,379,INH/OFF/k5/j14,inhibitory,1.0,0.06478204997538578,-0.06478204997538578,3801
diag/2,2,free,1010,L2/ori90/k7/j12,16192,496,L4/ON/k7/j12,excitatory,1.0,0.07310136642780164,0.07310136642780164,3801
diag/2,2,free,1010,L2/ori90/k7/j12,16193,497,INH/ON/k7/j12,inhibitory,1.0,0.0262644877683582,-0.0262644877683582,3801
diag/2,2,free,1010,L2/ori90/k7/j12,16194,498,L4/OFF/k7/j12,excitatory,1.0,0.11740902688919652,0.11740902688919652,3801
diag/2,2,free,1010,L2/ori90/k7/j12,16195,499,INH/OFF/k7/j12,inhibitory,1.0,0.0011904761901927437,-0.0011904761901927437,3801
diag/2,2,free,1010,L2/ori90/k7/j12,16196,432,L4/ON/k6/j12,excitatory,1.0,0.054288681674295194,0.054288681674295194,3801
diag/2,2,free,1010,L2/ori90/k7/j12,16197,433,INH/ON/k6/j12,inhibitory,1.0,0.07329883456842654,-0.07329883456842654,3801
diag/2,2,free,1010,L2/ori90/k7/j12,16198,434,L4/OFF/k6/j12,excitatory,1.0,0.07579328342889846,0.07579328342889846,3801
diag/2,2,free,1010,L2/ori90/k7/j12,16199,435,INH/OFF/k6/j12,inhibitory,1.0,0.06130229666508651,-0.06130229666508651,3801
diag/2,2,free,1010,L2/ori90/k7/j12,16200,500,L4/ON/k7/j13,excitatory,1.0,0.09134453265339222,0.09134453265339222,3801
diag/2,2,free,1010,L2/ori90/k7/j12,16201,501,INH/ON/k7/j13,inhibitory,1.0,0.07814656815239446,-0.07814656815239446,3801
diag/2,2,free,1010,L2/ori90/k7/j12,16202,502,L4/OFF/k7/j13,excitatory,1.0,0.04302565678099507,0.04302565678099507,3801
diag/2,2,free,1010,L2/ori90/k7/j12,16203,503,INH/OFF/k7/j13,inhibitory,1.0,0.030042185635877728,-0.030042185635877728,3801
diag/2,2,free,1010,L2/ori90/k7/j12,16208,436,L4/ON/k6/j13,excitatory,1.0,0.014870179760871637,0.014870179760871637,3801
diag/2,2,free,1010,L2/ori90/k7/j12,16209,437,INH/ON/k6/j13,inhibitory,1.0,0.06955579167903941,-0.06955579167903941,3801
diag/2,2,free,1010,L2/ori90/k7/j12,16210,438,L4/OFF/k6/j13,excitatory,1.0,0.08305457855906748,0.08305457855906748,3801
diag/2,2,free,1010,L2/ori90/k7/j12,16211,439,INH/OFF/k6/j13,inhibitory,1.0,0.05446782512208618,-0.05446782512208618,3801
diag/2,2,free,1010,L2/ori90/k7/j12,16216,368,L4/ON/k5/j12,excitatory,1.0,0.08064816973552741,0.08064816973552741,3801
diag/2,2,free,1010,L2/ori90/k7/j12,16217,369,INH/ON/k5/j12,inhibitory,1.0,0.012904094217538947,-0.012904094217538947,3801
diag/2,2,free,1010,L2/ori90/k7/j12,16220,372,L4/ON/k5/j13,excitatory,1.0,0.09427350233901437,0.09427350233901437,3801
diag/2,2,free,1010,L2/ori90/k7/j12,16221,373,INH/ON/k5/j13,inhibitory,1.0,0.026685815721207918,-0.026685815721207918,3801
diag/2,2,free,1010,L2/ori90/k7/j12,16222,374,L4/OFF/k5/j13,excitatory,1.0,0.032038144217321145,0.032038144217321145,3801
diag/2,2,free,1010,L2/ori90/k7/j12,16223,375,INH/OFF/k5/j13,inhibitory,1.0,0.022276045229140812,-0.022276045229140812,3801
diag/2,2,free,1010,L2/ori90/k7/j12,16228,304,L4/ON/k4/j12,excitatory,1.0,0.11705266573269799,0.11705266573269799,3801
diag/2,2,free,1010,L2/ori90/k7/j12,16229,305,INH/ON/k4/j12,inhibitory,1.0,0.031209430481876466,-0.031209430481876466,3801
diag/2,2,free,1010,L2/ori90/k7/j12,16232,440,L4/ON/k6/j14,excitatory,1.0,0.012633010331660557,0.012633010331660557,3801
diag/2,2,free,1010,L2/ori90/k7/j12,16233,441,INH/ON/k6/j14,inhibitory,1.0,0.022929437024877885,-0.022929437024877885,3801
diag/2,2,free,1010,L2/ori90/k7/j12,16234,442,L4/OFF/k6/j14,excitatory,1.0,0.03733085498615847,0.03733085498615847,3801
diag/2,2,free,1010,L2/ori90/k7/j12,16235,443,INH/OFF/k6/j14,inhibitory,1.0,0.03401913501216801,-0.03401913501216801,3801
diag/2,2,free,1010,L2/ori90/k7/j12,16240,308,L4/ON/k4/j13,excitatory,1.0,0.057048704773571914,0.057048704773571914,3801
diag/2,2,free,1010,L2/ori90/k7/j12,16241,309,INH/ON/k4/j13,inhibitory,1.0,0.0011904761901927437,-0.0011904761901927437,3801
diag/2,2,free,1010,L2/ori90/k7/j12,16252,376,L4/ON/k5/j14,excitatory,1.0,0.09106263247271527,0.09106263247271527,3801
diag/2,2,free,1010,L2/ori90/k7/j12,16253,377,INH/ON/k5/j14,inhibitory,1.0,0.07284812569643512,-0.07284812569643512,3801
diag/2,2,free,1010,L2/ori90/k7/j12,16254,378,L4/OFF/k5/j14,excitatory,1.0,0.020676023390214383,0.020676023390214383,3801
diag/2,2,free,1010,L2/ori90/k7/j12,16255,379,INH/OFF/k5/j14,inhibitory,1.0,0.00684829460626356,-0.00684829460626356,3801
diag/2,2,free,1012,L2/ori0/k7/j13,16256,500,L4/ON/k7/j13,excitatory,1.0,0.07436173877074251,0.07436173877074251,3801
diag/2,2,free,1012,L2/ori0/k7/j13,16257,501,INH/ON/k7/j13,inhibitory,1.0,0.0354165306048957,-0.0354165306048957,3801
diag/2,2,free,1012,L2/ori0/k7/j13,16258,502,L4/OFF/k7/j13,excitatory,1.0,0.11391974613043733,0.11391974613043733,3801
diag/2,2,free,1012,L2/ori0/k7/j13,16259,503,INH/OFF/k7/j13,inhibitory,1.0,0.06389985838414954,-0.06389985838414954,3801
diag/2,2,free,1012,L2/ori0/k7/j13,16260,436,L4/ON/k6/j13,excitatory,1.0,0.05566387266213705,0.05566387266213705,3801
diag/2,2,free,1012,L2/ori0/k7/j13,16261,437,INH/ON/k6/j13,inhibitory,1.0,0.08145425557412386,-0.08145425557412386,3801
diag/2,2,free,1012,L2/ori0/k7/j13,16262,438,L4/OFF/k6/j13,excitatory,1.0,0.06808495798681402,0.06808495798681402,3801
diag/2,2,free,1012,L2/ori0/k7/j13,16263,439,INH/OFF/k6/j13,inhibitory,1.0,0.0211252112144565,-0.0211252112144565,3801
diag/2,2,free,1012,L2/ori0/k7/j13,16264,496,L4/ON/k7/j12,excitatory,1.0,0.108548919882291,0.108548919882291,3801
diag/2,2,free,1012,L2/ori0/k7/j13,16265,497,INH/ON/k7/j12,inhibitory,1.0,0.06852415018039518,-0.06852415018039518,3801
diag/2,2,free,1012,L2/ori0/k7/j13,16266,498,L4/OFF/k7/j12,excitatory,1.0,0.11619345261093124,0.11619345261093124,3801
diag/2,2,free,1012,L2/ori0/k7/j13,16267,499,INH/OFF/k7/j12,inhibitory,1.0,0.07962001347580457,-0.07962001347580457,3801
diag/2,2,free,1012,L2/ori0/k7/j13,16272,432,L4/ON/k6/j12,excitatory,1.0,0.0521067162409851,0.0521067162409851,3801
diag/2,2,free,1012,L2/ori0/k7/j13,16273,433,INH/ON/k6/j12,inhibitory,1.0,0.004020676028235132,-0.004020676028235132,3801
diag/2,2,free,1012,L2/ori0/k7/j13,16274,434,L4/OFF/k6/j12,excitatory,1.0,0.08131584058594259,0.08131584058594259,3801
diag/2,2,free,1012,L2/ori0/k7/j13,16275,435,INH/OFF/k6/j12,inhibitory,1.0,0.0,-0.0,3801
diag/2,2,free,1012,L2/ori0/k7/j13,16276,440,L4/ON/k6/j14,excitatory,1.0,0.02173875752620459,0.02173875752620459,3801
diag/2,2,free,1012,L2/ori0/k7/j13,16277,441,INH/ON/k6/j14,inhibitory,1.0,0.05761136041097414,-0.05761136041097414,3801
diag/2,2,free,1012,L2/ori0/k7/j13,16278,442,L4/OFF/k6/j14,excitatory,1.0,0.036071851269340115,0.036071851269340115,3801
diag/2,2,free,1012,L2/ori0/k7/j13,16279,443,INH/OFF/k6/j14,inhibitory,1.0,0.017880202642388623,-0.017880202642388623,3801
diag/2,2,free,1012,L2/ori0/k7/j13,16280,372,L4/ON/k5/j13,excitatory,1.0,0.0268898619528002,0.0268898619528002,3801
diag/2,2,free,1012,L2/ori0/k7/j13,16281,373,INH/ON/k5/j13,inhibitory,1.0,0.013073743684089291,-0.013073743684089291,3801
diag/2,2,free,1012,L2/ori0/k7/j13,16282,374,L4/OFF/k5/j13,excitatory,1.0,0.08432352055184772,0.08432352055184772,3801
diag/2,2,free,1012,L2/ori0/k7/j13,16283,375,INH/OFF/k5/j13,inhibitory,1.0,0.010393734329608106,-0.010393734329608106,3801
diag/2,2,free,1012,L2/ori0/k7/j13,16284,368,L4/ON/k5/j12,excitatory,1.0,0.0070612135937688225,0.0070612135937688225,3801
diag/2,2,free,1012,L2/ori0/k7/j13,16285,369,INH/ON/k5/j12,inhibitory,1.0,0.01144721513346969,-0.01144721513346969,3801
diag/2,2,free,1012,L2/ori0/k7/j13,16288,376,L4/ON/k5/j14,excitatory,1.0,0.059768949191797406,0.059768949191797406,3801
diag/2,2,free,1012,L2/ori0/k7/j13,16289,377,INH/ON/k5/j14,inhibitory,1.0,0.02714770878076679,-0.02714770878076679,3801
diag/2,2,free,1012,L2/ori0/k7/j13,16290,378,L4/OFF/k5/j14,excitatory,1.0,0.02751684189257364,0.02751684189257364,3801
diag/2,2,free,1012,L2/ori0/k7/j13,16291,379,INH/OFF/k5/j14,inhibitory,1.0,0.0035652937253900065,-0.0035652937253900065,3801
diag/2,2,free,1012,L2/ori0/k7/j13,16292,308,L4/ON/k4/j13,excitatory,1.0,0.011255556666326105,0.011255556666326105,3801
diag/2,2,free,1012,L2/ori0/k7/j13,16293,309,INH/ON/k4/j13,inhibitory,1.0,0.08067335429202213,-0.08067335429202213,3801
diag/2,2,free,1012,L2/ori0/k7/j13,16296,444,L4/ON/k6/j15,excitatory,1.0,0.010129930508264374,0.010129930508264374,3801
diag/2,2,free,1012,L2/ori0/k7/j13,16297,445,INH/ON/k6/j15,inhibitory,1.0,0.09455589806276121,-0.09455589806276121,3801
diag/2,2,free,1012,L2/ori0/k7/j13,16304,304,L4/ON/k4/j12,excitatory,1.0,0.006251684639289646,0.006251684639289646,3801
diag/2,2,free,1012,L2/ori0/k7/j13,16305,305,INH/ON/k4/j12,inhibitory,1.0,0.09071890122803236,-0.09071890122803236,3801
diag/2,2,free,1012,L2/ori0/k7/j13,16308,312,L4/ON/k4/j14,excitatory,1.0,0.05665648804014433,0.05665648804014433,3801
diag/2,2,free,1012,L2/ori0/k7/j13,16309,313,INH/ON/k4/j14,inhibitory,1.0,0.06209239744689407,-0.06209239744689407,3801
diag/2,2,free,1012,L2/ori0/k7/j13,16310,314,L4/OFF/k4/j14,excitatory,1.0,0.055253291936443974,0.055253291936443974,3801
diag/2,2,free,1012,L2/ori0/k7/j13,16311,315,INH/OFF/k4/j14,inhibitory,1.0,0.08752306599691564,-0.08752306599691564,3801
diag/2,2,free,1012,L2/ori0/k7/j13,16316,380,L4/ON/k5/j15,excitatory,1.0,0.05424999429894422,0.05424999429894422,3801
diag/2,2,free,1012,L2/ori0/k7/j13,16317,381,INH/ON/k5/j15,inhibitory,1.0,0.06898586675282395,-0.06898586675282395,3801
diag/2,2,free,1012,L2/ori0/k7/j13,16318,382,L4/OFF/k5/j15,excitatory,1.0,0.0400361493797766,0.0400361493797766,3801
diag/2,2,free,1012,L2/ori0/k7/j13,16319,383,INH/OFF/k5/j15,inhibitory,1.0,0.08022427479707955,-0.08022427479707955,3801
diag/2,2,free,1014,L2/ori90/k7/j13,16320,500,L4/ON/k7/j13,excitatory,1.0,0.12719388475631696,0.12719388475631696,3801
diag/2,2,free,1014,L2/ori90/k7/j13,16321,501,INH/ON/k7/j13,inhibitory,1.0,0.03706208574726007,-0.03706208574726007,3801
diag/2,2,free,1014,L2/ori90/k7/j13,16322,502,L4/OFF/k7/j13,excitatory,1.0,0.10914695705654404,0.10914695705654404,3801
diag/2,2,free,1014,L2/ori90/k7/j13,16323,503,INH/OFF/k7/j13,inhibitory,1.0,0.02215283982915921,-0.02215283982915921,3801
diag/2,2,free,1014,L2/ori90/k7/j13,16324,436,L4/ON/k6/j13,excitatory,1.0,0.08680808081961108,0.08680808081961108,3801
diag/2,2,free,1014,L2/ori90/k7/j13,16325,437,INH/ON/k6/j13,inhibitory,1.0,0.020430366647879807,-0.020430366647879807,3801
diag/2,2,free,1014,L2/ori90/k7/j13,16326,438,L4/OFF/k6/j13,excitatory,1.0,0.11308388992281213,0.11308388992281213,3801
diag/2,2,free,1014,L2/ori90/k7/j13,16327,439,INH/OFF/k6/j13,inhibitory,1.0,0.03608962781441337,-0.03608962781441337,3801
diag/2,2,free,1014,L2/ori90/k7/j13,16328,496,L4/ON/k7/j12,excitatory,1.0,0.016078521542578796,0.016078521542578796,3801
diag/2,2,free,1014,L2/ori90/k7/j13,16329,497,INH/ON/k7/j12,inhibitory,1.0,0.08842540180923728,-0.08842540180923728,3801
diag/2,2,free,1014,L2/ori90/k7/j13,16330,498,L4/OFF/k7/j12,excitatory,1.0,0.08573831451999438,0.08573831451999438,3801
diag/2,2,free,1014,L2/ori90/k7/j13,16331,499,INH/OFF/k7/j12,inhibitory,1.0,0.03798329689580026,-0.03798329689580026,3801
diag/2,2,free,1014,L2/ori90/k7/j13,16336,432,L4/ON/k6/j12,excitatory,1.0,0.07288513835523694,0.07288513835523694,3801
diag/2,2,free,1014,L2/ori90/k7/j13,16337,433,INH/ON/k6/j12,inhibitory,1.0,0.04229807154212648,-0.04229807154212648,3801
diag/2,2,free,1014,L2/ori90/k7/j13,16338,434,L4/OFF/k6/j12,excitatory,1.0,0.07008159462423616,0.07008159462423616,3801
diag/2,2,free,1014,L2/ori90/k7/j13,16339,435,INH/OFF/k6/j12,inhibitory,1.0,0.0701374787553968,-0.0701374787553968,3801
diag/2,2,free,1014,L2/ori90/k7/j13,16340,440,L4/ON/k6/j14,excitatory,1.0,0.045104408983425395,0.045104408983425395,3801
diag/2,2,free,1014,L2/ori90/k7/j13,16341,441,INH/ON/k6/j14,inhibitory,1.0,0.058251547187057225,-0.058251547187057225,3801
diag/2,2,free,1014,L2/ori90/k7/j13,16342,442,L4/OFF/k6/j14,excitatory,1.0,0.08418115072343985,0.08418115072343985,3801
diag/2,2,free,1014,L2/ori90/k7/j13,16343,443,INH/OFF/k6/j14,inhibitory,1.0,0.035895790361234386,-0.035895790361234386,3801
diag/2,2,free,1014,L2/ori90/k7/j13,16344,372,L4/ON/k5/j13,excitatory,1.0,0.048637013933560194,0.048637013933560194,3801
diag/2,2,free,1014,L2/ori90/k7/j13,16345,373,INH/ON/k5/j13,inhibitory,1.0,0.057957351741379365,-0.057957351741379365,3801
diag/2,2,free,1014,L2/ori90/k7/j13,16346,374,L4/OFF/k5/j13,excitatory,1.0,0.056185241408844226,0.056185241408844226,3801
diag/2,2,free,1014,L2/ori90/k7/j13,16347,375,INH/OFF/k5/j13,inhibitory,1.0,0.023696653403846923,-0.023696653403846923,3801
diag/2,2,free,1014,L2/ori90/k7/j13,16348,368,L4/ON/k5/j12,excitatory,1.0,0.0,0.0,3801
diag/2,2,free,1014,L2/ori90/k7/j13,16349,369,INH/ON/k5/j12,inhibitory,1.0,0.07162457309512421,-0.07162457309512421,3801
diag/2,2,free,1014,L2/ori90/k7/j13,16352,376,L4/ON/k5/j14,excitatory,1.0,0.08875342321523756,0.08875342321523756,3801
diag/2,2,free,1014,L2/ori90/k7/j13,16353,377,INH/ON/k5/j14,inhibitory,1.0,0.05238928133486628,-0.05238928133486628,3801
diag/2,2,free,1014,L2/ori90/k7/j13,16354,378,L4/OFF/k5/j14,excitatory,1.0,0.0723885228360905,0.0723885228360905,3801
diag/2,2,free,1014,L2/ori90/k7/j13,16355,379,INH/OFF/k5/j14,inhibitory,1.0,0.05031959746781218,-0.05031959746781218,3801
diag/2,2,free,1014,L2/ori90/k7/j13,16356,308,L4/ON/k4/j13,excitatory,1.0,0.07622334682427091,0.07622334682427091,3801
diag/2,2,free,1014,L2/ori90/k7/j13,16357,309,INH/ON/k4/j13,inhibitory,1.0,0.01879824027544132,-0.01879824027544132,3801
diag/2,2,free,1014,L2/ori90/k7/j13,16360,444,L4/ON/k6/j15,excitatory,1.0,0.04514340869509957,0.04514340869509957,3801
diag/2,2,free,1014,L2/ori90/k7/j13,16361,445,INH/ON/k6/j15,inhibitory,1.0,0.0009259259257544582,-0.0009259259257544582,3801
diag/2,2,free,1014,L2/ori90/k7/j13,16368,304,L4/ON/k4/j12,excitatory,1.0,0.035557186762108534,0.035557186762108534,3801
diag/2,2,free,1014,L2/ori90/k7/j13,16369,305,INH/ON/k4/j12,inhibitory,1.0,0.0961983450582831,-0.0961983450582831,3801
diag/2,2,free,1014,L2/ori90/k7/j13,16372,312,L4/ON/k4/j14,excitatory,1.0,0.022218116741527995,0.022218116741527995,3801
diag/2,2,free,1014,L2/ori90/k7/j13,16373,313,INH/ON/k4/j14,inhibitory,1.0,0.05432550668748567,-0.05432550668748567,3801
diag/2,2,free,1014,L2/ori90/k7/j13,16374,314,L4/OFF/k4/j14,excitatory,1.0,0.005134780222720504,0.005134780222720504,3801
diag/2,2,free,1014,L2/ori90/k7/j13,16375,315,INH/OFF/k4/j14,inhibitory,1.0,0.056186815721228835,-0.056186815721228835,3801
diag/2,2,free,1014,L2/ori90/k7/j13,16380,380,L4/ON/k5/j15,excitatory,1.0,0.03744222035733027,0.03744222035733027,3801
diag/2,2,free,1014,L2/ori90/k7/j13,16381,381,INH/ON/k5/j15,inhibitory,1.0,0.0,-0.0,3801
diag/2,2,free,1014,L2/ori90/k7/j13,16382,382,L4/OFF/k5/j15,excitatory,1.0,0.1142302743857763,0.1142302743857763,3801
diag/2,2,free,1014,L2/ori90/k7/j13,16383,383,INH/OFF/k5/j15,inhibitory,1.0,0.03985357836638808,-0.03985357836638808,3801
